code,next operator,reasons,استان,شهر,speed,churn,CSCalls,SalesCalls,namava,shoteltalk,casper,Android Security,VocNo,195No
41661474,استفاده ای ندارند,افت سرعت/قطعی سرویس,تهران,تهران,8192,0,7,3,0,0,0,0,0,0
41661471,استفاده ای ندارند,افت سرعت/قطعی سرویس,تهران,تهران,8192,0,1,6,0,0,0,0,0,0
41661457,استفاده ای ندارند,افت سرعت/قطعی سرویس,تهران,تهران,512,0,7,6,0,0,0,0,0,0
41661447,استفاده ای ندارند,افت سرعت/قطعی سرویس,آذربایجان شرقی,تبریز,512,0,5,4,0,0,0,0,0,0
41661306,آسیاتک,افت سرعت/قطعی سرویس,آذربایجان شرقی,تبریز,512,0,1,4,0,0,1,0,0,0
41661243,آسیاتک,افت سرعت/قطعی سرویس,البرز,کرج,8192,0,5,4,0,0,0,0,0,0
41661210,آسیاتک,افت سرعت/قطعی سرویس,البرز,کرج,512,0,2,6,0,0,1,0,0,0
41661120,پارس آنلاین,افت سرعت/قطعی سرویس,تهران,تهران,16384,0,4,3,0,0,0,0,0,0
41661084,پارس آنلاین,افت سرعت/قطعی سرویس,تهران,تهران,512,0,5,4,0,0,0,0,0,0
41660965,پیشگامان,افت سرعت/قطعی سرویس,اصفهان,اصفهان,512,0,4,7,0,0,1,0,0,0
41660959,سایر,افت سرعت/قطعی سرویس,اصفهان,اصفهان,512,0,2,4,0,0,0,0,0,0
41660944,سایر,افت سرعت/قطعی سرویس,تهران,تهران,512,0,3,5,0,0,1,0,0,0
41660942,مبین نت,افت سرعت/قطعی سرویس,تهران,تهران,1024,0,1,5,0,0,1,0,0,0
41660901,مخابرات,افت سرعت/قطعی سرویس,البرز,کرج,512,0,1,7,0,0,0,0,0,0
41660888,های وب,افت سرعت/قطعی سرویس,تهران,تهران,8192,0,3,7,0,0,0,0,0,0
41660869,همراه اول,افت سرعت/قطعی سرویس,تهران,تهران,16384,0,3,3,0,0,0,0,0,0
41660798,همراه اول,افت سرعت/قطعی سرویس,تهران,تهران,1024,0,4,14,0,0,0,0,0,0
41660791,استفاده ای ندارند,جابجایی,تهران,تهران,8192,0,3,4,0,0,0,0,0,0
41659749,استفاده ای ندارند,جابجایی,البرز,کرج,512,0,5,4,0,0,0,0,0,0
41659740,استفاده ای ندارند,جابجایی,تهران,تهران,8192,0,1,5,0,0,0,0,0,0
41659722,استفاده ای ندارند,جابجایی,اصفهان,اصفهان,8192,0,2,6,0,0,0,0,0,0
41659663,استفاده ای ندارند,جابجایی,آذربایجان شرقی,تبریز,512,0,2,6,0,0,0,0,0,0
41659652,استفاده ای ندارند,جابجایی,تهران,تهران,512,0,1,6,0,0,0,0,0,0
41659643,استفاده ای ندارند,جابجایی,آذربایجان شرقی,تبریز,8192,0,2,8,0,0,0,0,0,0
41659635,استفاده ای ندارند,جابجایی,آذربایجان شرقی,تبریز,4096,0,2,12,0,0,0,0,0,0
41659602,استفاده ای ندارند,جابجایی,تهران,تهران,2048,0,1,3,0,0,0,0,0,0
41659583,ایرانسل,جابجایی,تهران,تهران,8192,0,3,7,0,0,0,0,1,0
41659566,شاتل موبایل,جابجایی,تهران,تهران,512,0,1,4,0,0,1,0,0,0
41659550,همراه اول,جابجایی,تهران,تهران,512,0,3,4,0,0,0,0,0,0
41659530,همراه اول,جابجایی,تهران,تهران,512,0,3,10,0,0,1,0,0,0
41659525,پارس آنلاین,دریافت سرویس از سایر شرکت ها,تهران,تهران,8192,0,1,8,0,0,0,0,0,0
41659518,پارس آنلاین,دریافت سرویس از سایر شرکت ها,تهران,تهران,4096,0,3,8,0,0,0,1,0,0
41659494,سایر,دریافت سرویس از سایر شرکت ها,البرز,کرج,512,0,6,7,0,0,0,0,0,0
41659481,مخابرات,دریافت سرویس از سایر شرکت ها,تهران,تهران,512,0,4,6,0,0,0,0,0,0
41659438,پارس آنلاین,دلیل خاصی ندارد,اصفهان,اصفهان,512,0,4,5,0,0,0,0,0,0
41658405,استفاده ای ندارند,عدم استفاده از سرویس,تهران,تهران,512,0,4,4,0,0,0,0,0,0
41658402,استفاده ای ندارند,عدم استفاده از سرویس,آذربایجان شرقی,تبریز,1024,0,1,5,0,0,1,0,0,0
41658398,استفاده ای ندارند,عدم استفاده از سرویس,آذربایجان شرقی,تبریز,3072,0,0,7,0,0,0,0,0,0
41658395,استفاده ای ندارند,عدم استفاده از سرویس,اصفهان,اصفهان,512,0,8,7,0,0,0,0,0,0
41658372,استفاده ای ندارند,عدم استفاده از سرویس,البرز,کرج,2048,0,8,7,0,0,0,0,0,0
41657317,استفاده ای ندارند,عدم مهلت پرداخت بیشتر برای تمدید مجدد سرویس,آذربایجان شرقی,تبریز,512,0,2,6,0,0,0,0,0,0
41657303,سایر,عدم مهلت پرداخت بیشتر برای تمدید مجدد سرویس,اصفهان,اصفهان,512,0,2,7,0,0,0,0,0,0
41657292,استفاده ای ندارند,مشکل خط,البرز,کرج,1024,0,1,9,0,0,0,0,0,0
41657290,آسیاتک,مشکل خط,تهران,تهران,8192,0,3,6,0,0,0,0,0,0
41657275,سایر,مشکل خط,تهران,تهران,16384,0,6,6,0,0,0,0,0,0
41657220,مبین نت,مشکل خط,تهران,تهران,512,0,1,8,0,0,0,0,0,0
41657213,مبین نت,مشکل خط,تهران,تهران,512,0,1,5,0,0,0,0,0,0
41657212,مخابرات,مشکل خط,تهران,تهران,4096,0,2,12,0,0,0,0,0,0
41657210,همراه اول,مشکل خط,البرز,کرج,512,0,2,4,0,0,0,0,0,0
41657208,استفاده ای ندارند,مشکلات فنی,البرز,کرج,1024,0,5,6,0,0,1,0,0,0
41657188,استفاده ای ندارند,مشکلات فنی,تهران,تهران,3072,0,2,8,0,0,0,0,0,0
41657165,های وب,مشکلات فنی,تهران,تهران,8192,0,3,6,0,0,0,0,0,0
41657101,همراه اول,مشکلات فنی,البرز,کرج,512,0,1,4,0,0,0,0,0,0
41657093,استفاده ای ندارند,نارضایتی از تعرفه‌های جدید,تهران,تهران,8192,0,4,3,0,0,0,0,0,0
41657086,آسیاتک,نارضایتی از تعرفه‌های جدید,البرز,کرج,4096,0,1,4,0,0,0,0,0,0
41657076,آسیاتک,نارضایتی از تعرفه‌های جدید,البرز,کرج,8192,0,1,4,0,0,0,0,0,0
41657058,مخابرات,نارضایتی از تعرفه‌های جدید,تهران,تهران,8192,0,1,6,0,0,0,0,0,0
41657050,استفاده ای ندارند,نارضایتی از نحوه برخورد و پیگیری نمایندگی/حوزه فروش,تهران,تهران,512,0,6,4,0,0,0,0,0,0
41657040,استفاده ای ندارند,هزینه سرویس نسبت به سایر رقبا,تهران,تهران,8192,0,3,18,0,0,0,0,0,0
41657012,استفاده ای ندارند,هزینه سرویس نسبت به سایر رقبا,تهران,تهران,8192,0,1,8,0,0,0,0,0,0
41657003,ایرانسل,هزینه سرویس نسبت به سایر رقبا,آذربایجان شرقی,تبریز,512,0,2,4,0,0,0,0,0,0
41656990,آسیاتک,هزینه سرویس نسبت به سایر رقبا,البرز,کرج,16384,0,5,6,0,0,0,0,0,0
41656979,آسیاتک,هزینه سرویس نسبت به سایر رقبا,تهران,تهران,512,0,8,5,0,0,0,0,0,0
41656975,آسیاتک,هزینه سرویس نسبت به سایر رقبا,آذربایجان شرقی,تبریز,512,0,1,6,0,0,0,0,0,0
41656969,پارس آنلاین,هزینه سرویس نسبت به سایر رقبا,تهران,تهران,1024,0,1,7,0,0,0,0,0,0
41656959,پارس آنلاین,هزینه سرویس نسبت به سایر رقبا,تهران,تهران,1024,0,2,7,0,0,0,0,0,0
41656955,پارس آنلاین,هزینه سرویس نسبت به سایر رقبا,اصفهان,اصفهان,512,0,2,5,0,0,0,0,0,0
41656940,مخابرات,هزینه سرویس نسبت به سایر رقبا,تهران,تهران,8192,0,1,7,0,0,0,0,0,0
41656936,مخابرات,هزینه سرویس نسبت به سایر رقبا,آذربایجان شرقی,تبریز,512,0,1,6,0,0,0,0,0,0
41656934,مخابرات,هزینه سرویس نسبت به سایر رقبا,اصفهان,اصفهان,8192,0,1,4,0,1,0,0,0,0
41656925,#N/A,#N/A,اصفهان,اصفهان,512,0,5,5,0,0,0,0,0,0
41656861,#N/A,#N/A,تهران,تهران,512,0,2,5,0,0,0,0,0,0
41656859,#N/A,#N/A,اصفهان,اصفهان,8192,0,1,5,0,0,0,0,0,0
41656833,#N/A,#N/A,اصفهان,اصفهان,512,0,2,3,0,0,0,0,0,0
41656785,#N/A,#N/A,تهران,تهران,16384,0,3,4,0,0,0,0,0,0
41656780,#N/A,#N/A,تهران,تهران,2048,0,3,3,0,0,0,0,0,0
41656776,#N/A,#N/A,تهران,تهران,512,0,2,3,0,0,0,0,0,0
41656760,#N/A,#N/A,تهران,تهران,8192,0,1,4,0,0,0,0,0,0
41656752,#N/A,#N/A,تهران,تهران,4096,0,1,3,0,0,0,0,0,0
41656739,#N/A,#N/A,البرز,کرج,512,0,2,5,0,0,1,0,0,0
41656737,#N/A,#N/A,تهران,تهران,1024,0,1,3,0,0,0,0,0,0
41656716,#N/A,#N/A,تهران,تهران,512,0,1,7,0,0,1,0,0,0
41656709,#N/A,#N/A,تهران,تهران,16384,0,1,6,0,0,0,0,0,0
41656707,#N/A,#N/A,تهران,تهران,512,0,3,3,0,0,0,0,0,0
41656690,#N/A,#N/A,تهران,تهران,8192,0,1,8,0,0,0,0,0,0
41656685,#N/A,#N/A,البرز,کرج,512,0,4,5,0,0,0,0,0,0
41656660,#N/A,#N/A,آذربایجان شرقی,تبریز,4096,0,3,5,0,0,0,0,0,0
41656626,#N/A,#N/A,آذربایجان شرقی,تبریز,1024,0,4,6,0,0,0,0,0,0
41656621,#N/A,#N/A,تهران,تهران,8192,0,5,5,0,0,0,0,0,0
41656619,#N/A,#N/A,تهران,تهران,2048,0,3,18,0,0,0,0,0,0
41656609,#N/A,#N/A,البرز,کرج,512,0,1,6,0,0,0,0,0,0
41656593,#N/A,#N/A,البرز,کرج,16384,0,6,8,0,0,0,0,0,0
41656590,#N/A,#N/A,آذربایجان شرقی,تبریز,8192,0,1,10,0,0,0,0,0,0
41656588,#N/A,#N/A,تهران,تهران,8192,0,1,5,0,0,0,0,0,0
41656566,#N/A,#N/A,تهران,تهران,1024,0,2,6,0,0,0,0,0,0
41656561,#N/A,#N/A,اصفهان,اصفهان,512,0,1,7,0,0,0,0,0,0
41656555,#N/A,#N/A,تهران,تهران,1024,0,1,9,0,0,0,0,0,0
41656550,#N/A,#N/A,تهران,تهران,1024,0,1,7,0,0,0,0,0,0
41656548,#N/A,#N/A,آذربایجان شرقی,تبریز,512,0,2,5,0,0,1,1,0,0
41656547,#N/A,#N/A,البرز,کرج,512,0,3,13,0,0,0,0,0,0
41656537,#N/A,#N/A,تهران,تهران,512,0,6,5,0,0,0,0,0,0
41656533,#N/A,#N/A,تهران,تهران,1024,0,1,5,0,0,0,0,0,0
41656508,#N/A,#N/A,آذربایجان شرقی,تبریز,8192,0,2,4,0,0,0,0,0,0
41656497,#N/A,#N/A,اصفهان,اصفهان,512,0,1,6,0,0,0,0,0,0
41656476,#N/A,#N/A,تهران,تهران,512,0,5,6,0,0,0,0,0,0
41656469,#N/A,#N/A,تهران,تهران,16384,0,3,7,0,0,0,0,0,0
41656454,#N/A,#N/A,آذربایجان شرقی,تبریز,8192,0,9,8,0,0,0,0,0,0
41656453,#N/A,#N/A,تهران,تهران,4096,0,2,8,0,0,0,0,0,0
41656447,#N/A,#N/A,تهران,تهران,512,0,2,9,0,0,1,0,0,0
41656442,#N/A,#N/A,البرز,کرج,512,0,5,4,0,0,0,0,0,0
41656422,#N/A,#N/A,تهران,تهران,8192,0,2,7,0,0,0,0,0,0
41656417,#N/A,#N/A,اصفهان,اصفهان,8192,0,1,4,0,0,0,0,0,0
41656411,#N/A,#N/A,آذربایجان شرقی,تبریز,8192,0,2,4,0,0,0,0,0,0
41656410,#N/A,#N/A,تهران,تهران,4096,0,1,6,0,0,0,0,0,0
41656377,#N/A,#N/A,تهران,تهران,512,0,5,4,0,0,1,0,0,0
41656360,#N/A,#N/A,تهران,تهران,8192,0,3,5,0,0,0,0,0,0
41656357,#N/A,#N/A,تهران,تهران,4096,0,3,8,0,0,0,0,0,0
41656333,#N/A,#N/A,تهران,تهران,4096,0,3,7,0,0,0,0,0,0
41656323,#N/A,#N/A,اصفهان,اصفهان,16384,0,3,3,0,0,0,0,0,0
41656321,#N/A,#N/A,البرز,کرج,2048,0,4,11,0,0,0,0,0,0
41656317,#N/A,#N/A,اصفهان,اصفهان,8192,0,3,8,0,0,0,0,0,0
41656309,#N/A,#N/A,تهران,تهران,4096,0,2,6,0,0,0,0,0,0
41656293,#N/A,#N/A,تهران,تهران,4096,0,2,10,0,0,0,0,0,0
41656283,#N/A,#N/A,تهران,تهران,1024,0,1,4,0,0,0,0,0,0
41656274,#N/A,#N/A,تهران,تهران,8192,0,3,8,0,0,0,0,0,0
41656263,#N/A,#N/A,تهران,تهران,4096,0,2,5,0,0,0,0,0,0
41656255,#N/A,#N/A,اصفهان,اصفهان,512,0,3,8,0,0,0,0,0,0
41656252,#N/A,#N/A,تهران,تهران,512,0,8,8,0,0,0,0,0,0
41656248,#N/A,#N/A,تهران,تهران,4096,0,1,5,0,0,0,0,0,0
41656207,#N/A,#N/A,تهران,تهران,8192,0,2,4,0,0,0,0,0,0
41656206,#N/A,#N/A,البرز,کرج,8192,0,2,6,0,0,0,0,0,0
41656204,#N/A,#N/A,تهران,تهران,512,0,1,4,0,0,0,0,0,0
41656203,#N/A,#N/A,تهران,تهران,16384,0,1,5,0,0,0,0,0,0
41656201,#N/A,#N/A,تهران,تهران,512,0,2,7,0,0,1,1,0,0
41656187,#N/A,#N/A,تهران,تهران,8192,0,2,7,0,0,0,0,0,0
41656179,#N/A,#N/A,البرز,کرج,2048,0,2,4,0,0,0,0,0,0
41656169,#N/A,#N/A,تهران,تهران,8192,0,1,6,0,0,0,0,0,0
41656152,#N/A,#N/A,تهران,تهران,512,0,1,5,0,0,1,0,0,0
41656151,#N/A,#N/A,تهران,تهران,4096,0,1,10,0,0,0,0,0,0
41656150,#N/A,#N/A,تهران,تهران,512,0,10,5,0,0,0,0,0,0
41656148,#N/A,#N/A,تهران,تهران,512,0,6,6,0,0,0,0,0,0
41656139,#N/A,#N/A,تهران,تهران,1024,0,1,7,0,0,0,0,0,0
41656137,#N/A,#N/A,تهران,تهران,1024,0,1,6,0,0,1,0,0,0
41656135,#N/A,#N/A,اصفهان,اصفهان,8192,0,7,3,0,0,0,0,0,0
41656133,#N/A,#N/A,تهران,تهران,8192,0,1,6,0,0,0,0,0,0
41656113,#N/A,#N/A,تهران,تهران,512,0,3,5,0,0,0,0,0,0
41656089,#N/A,#N/A,تهران,تهران,512,0,4,5,0,0,0,0,0,0
41656077,#N/A,#N/A,تهران,تهران,1024,0,1,11,0,0,0,0,0,0
41656047,#N/A,#N/A,البرز,کرج,512,0,2,5,0,0,0,0,0,0
41656038,#N/A,#N/A,تهران,تهران,512,0,1,5,0,0,0,0,0,0
41656007,#N/A,#N/A,اصفهان,اصفهان,512,0,1,5,0,0,0,0,0,0
41655990,#N/A,#N/A,آذربایجان شرقی,تبریز,8192,0,2,7,0,0,1,0,0,0
41655988,#N/A,#N/A,تهران,تهران,8192,0,1,12,0,0,0,0,0,0
41655971,#N/A,#N/A,تهران,تهران,1024,0,4,10,0,0,0,0,0,0
41655970,#N/A,#N/A,تهران,تهران,8192,0,2,4,0,0,0,0,0,0
41655962,#N/A,#N/A,تهران,تهران,8192,0,1,8,0,0,0,0,0,0
41655956,#N/A,#N/A,تهران,تهران,1024,0,1,16,0,0,0,0,0,0
41655949,#N/A,#N/A,تهران,تهران,8192,0,2,5,0,0,0,0,0,0
41655948,#N/A,#N/A,تهران,تهران,512,0,1,4,0,0,0,0,0,0
41655947,#N/A,#N/A,اصفهان,اصفهان,8192,0,2,4,0,0,0,0,0,0
41655939,#N/A,#N/A,البرز,کرج,512,0,2,7,0,0,0,0,0,0
41655926,#N/A,#N/A,تهران,تهران,512,0,1,5,0,0,0,0,0,0
41655910,#N/A,#N/A,تهران,تهران,1024,0,2,11,0,0,0,0,0,0
41655890,#N/A,#N/A,تهران,تهران,4096,0,5,3,0,0,0,0,0,0
41655884,#N/A,#N/A,تهران,تهران,512,0,2,4,0,0,0,0,0,0
41655883,#N/A,#N/A,تهران,تهران,1024,0,3,7,0,0,0,0,0,0
41655879,#N/A,#N/A,آذربایجان شرقی,تبریز,1024,0,2,4,0,0,0,0,0,0
41655857,#N/A,#N/A,تهران,تهران,512,0,3,4,0,0,0,0,0,0
41655852,#N/A,#N/A,تهران,تهران,8192,0,3,4,0,0,0,0,0,0
41655844,#N/A,#N/A,تهران,تهران,512,0,1,7,0,0,0,0,0,0
41655841,#N/A,#N/A,البرز,کرج,3072,0,5,7,0,0,0,0,0,0
41655828,#N/A,#N/A,تهران,تهران,512,0,1,5,0,0,0,0,0,0
41655827,#N/A,#N/A,تهران,تهران,512,0,1,10,0,0,0,0,0,0
41655792,#N/A,#N/A,تهران,تهران,2048,0,2,8,0,0,0,0,0,0
41655783,#N/A,#N/A,البرز,کرج,8192,0,1,12,0,0,0,0,0,0
41655777,#N/A,#N/A,تهران,تهران,1024,0,2,4,0,0,0,0,0,0
41655758,#N/A,#N/A,تهران,تهران,1024,0,1,15,0,0,0,0,0,0
41655757,#N/A,#N/A,تهران,تهران,512,0,2,4,0,0,0,0,0,0
41655750,#N/A,#N/A,تهران,تهران,512,0,2,2,0,0,0,0,0,0
41655746,#N/A,#N/A,تهران,تهران,16384,0,13,12,0,0,0,0,0,0
41655719,#N/A,#N/A,تهران,تهران,512,0,2,6,0,0,0,0,0,0
41655718,#N/A,#N/A,اصفهان,اصفهان,16384,0,10,5,0,0,0,0,0,0
41655716,#N/A,#N/A,تهران,تهران,8192,0,1,6,0,0,0,0,0,0
41655698,#N/A,#N/A,تهران,تهران,512,0,1,4,0,0,0,0,0,0
41655696,#N/A,#N/A,آذربایجان شرقی,تبریز,2048,0,4,4,0,0,0,0,0,0
41655692,#N/A,#N/A,آذربایجان شرقی,تبریز,8192,0,1,4,0,0,0,0,0,0
41655687,#N/A,#N/A,تهران,تهران,512,0,3,5,0,0,1,0,0,0
41655683,#N/A,#N/A,اصفهان,اصفهان,1024,0,2,6,0,0,0,0,0,0
41655678,#N/A,#N/A,تهران,تهران,8192,0,2,9,0,0,0,0,0,0
41655677,#N/A,#N/A,تهران,تهران,512,0,4,3,0,0,0,0,0,0
41655661,#N/A,#N/A,تهران,تهران,512,0,4,4,0,0,0,0,0,0
41655647,#N/A,#N/A,آذربایجان شرقی,تبریز,1024,0,5,5,0,0,0,0,0,0
41655645,#N/A,#N/A,البرز,کرج,512,0,2,16,0,0,0,0,0,0
41655632,#N/A,#N/A,تهران,تهران,4096,0,1,9,0,0,0,0,0,0
41655625,#N/A,#N/A,آذربایجان شرقی,تبریز,16384,0,2,13,0,0,0,0,0,0
41655618,#N/A,#N/A,آذربایجان شرقی,تبریز,8192,0,1,3,0,0,0,0,0,0
41655615,#N/A,#N/A,آذربایجان شرقی,تبریز,8192,0,1,7,0,0,0,0,0,0
41655613,#N/A,#N/A,تهران,تهران,512,0,4,5,0,0,1,0,0,0
41655612,#N/A,#N/A,اصفهان,اصفهان,512,0,5,3,0,0,0,0,0,0
41655608,#N/A,#N/A,البرز,کرج,8192,0,3,8,0,0,0,0,0,0
41655607,#N/A,#N/A,البرز,کرج,512,0,1,8,0,0,0,0,0,0
41655603,#N/A,#N/A,تهران,تهران,512,0,2,7,0,0,0,0,0,0
41655584,#N/A,#N/A,تهران,تهران,512,0,2,9,0,0,0,0,0,0
41655571,#N/A,#N/A,تهران,تهران,4096,0,3,15,0,0,0,0,0,0
41655567,#N/A,#N/A,تهران,تهران,4096,0,2,3,0,0,0,0,0,0
41655553,#N/A,#N/A,تهران,تهران,512,0,2,7,0,0,0,0,0,0
41655546,#N/A,#N/A,آذربایجان شرقی,تبریز,8192,0,3,7,0,0,0,0,0,0
41655544,#N/A,#N/A,اصفهان,اصفهان,8192,0,1,10,0,0,0,0,0,0
41655542,#N/A,#N/A,تهران,تهران,16384,0,2,15,0,0,0,0,0,0
41655537,#N/A,#N/A,تهران,تهران,512,0,2,10,0,0,0,0,0,0
41655525,#N/A,#N/A,تهران,تهران,8192,0,1,10,0,0,0,0,0,0
41655522,#N/A,#N/A,البرز,کرج,512,0,3,7,0,0,0,0,0,0
41655518,#N/A,#N/A,تهران,تهران,512,0,3,5,0,0,0,0,0,0
41655515,#N/A,#N/A,تهران,تهران,4096,0,1,5,0,0,0,0,0,0
41655511,#N/A,#N/A,تهران,تهران,512,0,4,10,0,0,1,1,0,0
41655507,#N/A,#N/A,تهران,تهران,16384,0,4,10,0,0,0,0,0,0
41655496,#N/A,#N/A,البرز,کرج,512,0,3,7,0,0,0,0,0,0
41655495,#N/A,#N/A,تهران,تهران,512,0,1,7,0,0,1,0,0,0
41655492,#N/A,#N/A,تهران,تهران,512,0,2,8,0,0,0,0,0,0
41655485,#N/A,#N/A,تهران,تهران,512,0,2,9,0,0,0,0,0,0
41655480,#N/A,#N/A,آذربایجان شرقی,تبریز,8192,0,1,3,0,0,0,0,0,0
41655476,#N/A,#N/A,تهران,تهران,8192,0,2,8,0,0,0,0,0,0
41655461,#N/A,#N/A,تهران,تهران,8192,0,2,14,0,0,0,0,0,0
41655459,#N/A,#N/A,البرز,کرج,512,0,2,8,0,0,0,0,0,0
41655451,#N/A,#N/A,تهران,تهران,512,0,0,5,0,0,1,0,0,0
41655450,#N/A,#N/A,اصفهان,اصفهان,512,0,1,5,0,0,1,0,0,0
41655444,#N/A,#N/A,اصفهان,اصفهان,512,0,1,5,0,0,0,0,0,0
41655437,#N/A,#N/A,اصفهان,اصفهان,512,0,1,8,0,0,0,0,0,0
41655435,#N/A,#N/A,تهران,تهران,8192,0,4,8,0,0,0,0,0,0
41655430,#N/A,#N/A,البرز,کرج,8192,0,3,11,0,0,0,0,0,0
41655429,#N/A,#N/A,البرز,کرج,1024,0,4,20,0,0,0,0,0,0
41655421,#N/A,#N/A,البرز,کرج,16384,0,2,4,0,0,0,0,0,0
41655408,#N/A,#N/A,تهران,تهران,512,0,6,10,0,0,1,0,0,0
41655407,#N/A,#N/A,البرز,کرج,8192,0,1,22,0,0,0,0,0,0
41655397,#N/A,#N/A,تهران,تهران,512,0,2,6,0,0,1,0,0,0
41655396,#N/A,#N/A,تهران,تهران,8192,0,3,11,0,0,0,0,0,0
41655393,#N/A,#N/A,البرز,کرج,8192,0,4,7,0,0,1,0,0,0
41655366,#N/A,#N/A,تهران,تهران,4096,0,5,9,0,0,0,0,0,0
41655350,#N/A,#N/A,تهران,تهران,512,0,1,5,0,0,0,0,0,0
41655348,#N/A,#N/A,آذربایجان شرقی,تبریز,1024,0,4,4,0,0,1,0,0,0
41655347,#N/A,#N/A,تهران,تهران,512,0,1,6,0,0,0,0,0,0
41655332,#N/A,#N/A,تهران,تهران,512,0,1,8,0,0,1,0,0,0
41655330,#N/A,#N/A,آذربایجان شرقی,تبریز,512,0,1,6,0,0,1,0,0,0
41655328,#N/A,#N/A,تهران,تهران,512,0,7,4,0,0,0,0,0,0
41655321,#N/A,#N/A,اصفهان,اصفهان,8192,0,8,5,0,0,0,0,0,0
41655307,#N/A,#N/A,تهران,تهران,2048,0,1,3,0,0,0,0,0,0
41655295,#N/A,#N/A,تهران,تهران,8192,0,2,5,0,0,0,0,0,0
41655294,#N/A,#N/A,تهران,تهران,16384,0,7,3,0,0,0,0,0,0
41655293,#N/A,#N/A,تهران,تهران,512,0,4,8,0,0,0,0,0,0
41655292,#N/A,#N/A,تهران,تهران,2048,0,3,12,0,0,0,0,0,0
41655283,#N/A,#N/A,تهران,تهران,512,0,3,4,0,0,0,0,0,0
41655280,#N/A,#N/A,تهران,تهران,512,0,1,6,0,0,1,0,0,0
41655278,#N/A,#N/A,تهران,تهران,2048,0,3,8,0,0,0,0,0,0
41655273,#N/A,#N/A,اصفهان,اصفهان,8192,0,4,9,0,0,1,0,0,0
41655271,#N/A,#N/A,تهران,تهران,512,0,2,6,0,0,0,0,0,0
41655267,#N/A,#N/A,تهران,تهران,8192,0,4,8,0,0,0,0,0,0
41655258,#N/A,#N/A,تهران,تهران,512,0,5,3,0,0,0,0,0,0
41655245,#N/A,#N/A,تهران,تهران,512,0,3,3,0,0,0,0,0,0
41655240,#N/A,#N/A,تهران,تهران,512,0,1,11,0,0,0,0,0,0
41655238,#N/A,#N/A,تهران,تهران,512,0,1,6,0,0,0,0,0,0
41655236,#N/A,#N/A,تهران,تهران,512,0,1,5,0,0,1,0,0,0
41655234,#N/A,#N/A,تهران,تهران,4096,0,1,14,0,0,0,0,0,0
41655231,#N/A,#N/A,تهران,تهران,512,0,2,2,0,0,0,0,0,0
41655230,#N/A,#N/A,البرز,کرج,2048,0,12,2,0,0,0,0,0,0
41655226,#N/A,#N/A,تهران,تهران,8192,0,1,6,0,0,0,0,0,0
41655223,#N/A,#N/A,البرز,کرج,512,0,6,7,0,0,0,0,0,0
41655211,#N/A,#N/A,البرز,کرج,8192,0,2,4,0,0,0,0,0,0
41655208,#N/A,#N/A,تهران,تهران,512,0,3,6,0,0,0,0,0,0
41655195,#N/A,#N/A,تهران,تهران,2048,0,1,3,0,0,0,0,0,0
41655192,#N/A,#N/A,تهران,تهران,512,0,11,5,0,0,1,0,0,0
41655185,#N/A,#N/A,آذربایجان شرقی,تبریز,512,0,5,3,0,0,0,0,0,0
41655180,#N/A,#N/A,تهران,تهران,512,0,1,4,0,0,1,0,0,0
41655174,#N/A,#N/A,تهران,تهران,8192,0,4,3,0,0,0,0,0,0
41655171,#N/A,#N/A,اصفهان,اصفهان,2048,0,4,4,0,0,0,0,0,0
41655146,#N/A,#N/A,تهران,تهران,8192,0,2,10,0,0,0,0,0,0
41655133,#N/A,#N/A,تهران,تهران,16384,0,1,4,0,0,0,0,0,0
41655131,#N/A,#N/A,البرز,کرج,4096,0,1,9,0,0,0,0,0,0
41655127,#N/A,#N/A,البرز,کرج,512,0,2,5,0,0,0,0,0,0
41655116,#N/A,#N/A,البرز,کرج,8192,0,2,13,0,0,0,0,0,0
41655115,#N/A,#N/A,تهران,تهران,1024,0,1,3,0,0,0,0,0,0
41655111,#N/A,#N/A,تهران,تهران,16384,0,2,8,0,0,0,0,0,0
41655104,#N/A,#N/A,تهران,تهران,16384,0,1,5,0,0,0,0,0,0
41655102,#N/A,#N/A,تهران,تهران,8192,0,1,4,0,0,0,0,0,0
41655096,#N/A,#N/A,البرز,کرج,8192,0,1,5,0,0,0,0,0,0
41655095,#N/A,#N/A,تهران,تهران,8192,0,8,7,0,0,0,0,0,0
41655094,#N/A,#N/A,تهران,تهران,8192,0,1,4,0,0,0,0,0,0
41655089,#N/A,#N/A,تهران,تهران,8192,0,5,8,0,0,0,0,0,0
41655084,#N/A,#N/A,تهران,تهران,2048,0,6,7,0,0,1,0,0,0
41655073,#N/A,#N/A,البرز,کرج,512,0,1,4,0,0,1,0,0,0
41655067,#N/A,#N/A,البرز,کرج,16384,0,2,7,0,0,0,0,0,0
41655065,#N/A,#N/A,تهران,تهران,512,0,6,9,0,0,0,0,0,0
41655062,#N/A,#N/A,تهران,تهران,512,0,3,4,0,0,0,0,0,0
41655061,#N/A,#N/A,البرز,کرج,4096,0,4,5,0,0,0,0,0,0
41655060,#N/A,#N/A,آذربایجان شرقی,تبریز,8192,0,1,8,0,0,0,0,0,0
41655059,#N/A,#N/A,البرز,کرج,16384,0,1,12,0,0,0,0,0,0
41655054,#N/A,#N/A,البرز,کرج,16384,0,1,9,0,0,0,0,0,0
41655043,#N/A,#N/A,تهران,تهران,8192,0,2,4,0,0,0,0,0,0
41655042,#N/A,#N/A,تهران,تهران,4096,0,2,7,0,0,0,0,0,0
41655039,#N/A,#N/A,تهران,تهران,16384,0,1,10,0,0,0,0,0,0
41655022,#N/A,#N/A,تهران,تهران,8192,0,9,9,0,0,0,0,0,0
41655020,#N/A,#N/A,تهران,تهران,8192,0,1,6,0,0,0,0,0,0
41655016,#N/A,#N/A,تهران,تهران,1024,0,5,9,0,0,0,0,0,0
41655014,#N/A,#N/A,تهران,تهران,512,0,3,9,0,0,0,0,0,0
41655012,#N/A,#N/A,البرز,کرج,8192,0,3,8,0,0,0,0,0,0
41655008,#N/A,#N/A,تهران,تهران,512,0,3,5,0,0,0,0,0,0
41655002,#N/A,#N/A,تهران,تهران,512,0,1,8,0,0,0,0,0,0
41654998,#N/A,#N/A,تهران,تهران,512,0,5,3,0,0,0,0,0,0
41654996,#N/A,#N/A,تهران,تهران,8192,0,7,9,0,0,0,0,0,0
41654990,#N/A,#N/A,البرز,کرج,1024,0,1,5,0,0,1,0,0,0
41654986,#N/A,#N/A,تهران,تهران,512,0,1,7,0,0,0,0,0,0
41654975,#N/A,#N/A,تهران,تهران,512,0,5,4,0,0,0,0,0,0
41654973,#N/A,#N/A,تهران,تهران,512,0,1,4,0,0,0,0,0,0
41654968,#N/A,#N/A,اصفهان,اصفهان,512,0,1,5,0,0,0,0,0,0
41654953,#N/A,#N/A,تهران,تهران,8192,0,2,5,0,0,0,0,0,0
41654950,#N/A,#N/A,البرز,کرج,1024,0,2,5,0,0,0,0,0,0
41654938,#N/A,#N/A,تهران,تهران,4096,0,2,4,0,0,0,0,0,0
41654935,#N/A,#N/A,تهران,تهران,512,0,3,4,0,0,1,0,0,0
41654920,#N/A,#N/A,تهران,تهران,512,0,1,5,0,0,0,0,0,0
41654914,#N/A,#N/A,آذربایجان شرقی,تبریز,512,0,3,6,0,0,0,0,0,0
41654913,#N/A,#N/A,تهران,تهران,4096,0,3,3,0,0,0,0,0,0
41654896,#N/A,#N/A,تهران,تهران,512,0,1,5,0,0,1,0,0,0
41654882,#N/A,#N/A,تهران,تهران,8192,0,2,15,0,0,1,0,0,0
41654874,#N/A,#N/A,تهران,تهران,8192,0,5,4,0,0,0,0,0,0
41654873,#N/A,#N/A,تهران,تهران,512,0,2,7,0,0,0,0,0,0
41654872,#N/A,#N/A,تهران,تهران,8192,0,1,8,0,0,0,0,0,0
41654861,#N/A,#N/A,تهران,تهران,512,0,4,4,0,0,0,0,0,0
41654854,#N/A,#N/A,تهران,تهران,512,0,1,5,0,0,0,0,0,0
41654851,#N/A,#N/A,تهران,تهران,1024,0,11,4,0,0,0,0,0,0
41654845,#N/A,#N/A,تهران,تهران,512,0,3,8,0,0,0,0,0,0
41654844,#N/A,#N/A,تهران,تهران,512,0,3,8,0,0,0,0,0,0
41654836,#N/A,#N/A,تهران,تهران,512,0,1,8,0,0,0,0,0,0
41654830,#N/A,#N/A,آذربایجان شرقی,تبریز,512,0,1,11,0,0,0,0,0,0
41654829,#N/A,#N/A,تهران,تهران,512,0,2,5,0,0,0,0,0,0
41654825,#N/A,#N/A,اصفهان,اصفهان,512,0,2,6,0,0,1,0,0,0
41654807,#N/A,#N/A,البرز,کرج,128,0,6,18,0,0,0,0,0,0
41654804,#N/A,#N/A,اصفهان,اصفهان,512,0,1,8,0,0,0,0,0,0
41654801,#N/A,#N/A,تهران,تهران,4096,0,3,14,0,0,0,0,0,0
41654797,#N/A,#N/A,تهران,تهران,16384,0,6,14,0,0,0,0,0,0
41654787,#N/A,#N/A,تهران,تهران,512,0,5,6,0,0,0,0,0,0
41654784,#N/A,#N/A,تهران,تهران,512,0,2,7,0,0,0,0,0,0
41654780,#N/A,#N/A,تهران,تهران,512,0,9,5,0,0,0,0,0,0
41654770,#N/A,#N/A,تهران,تهران,8192,0,1,5,0,0,0,0,0,0
41654762,#N/A,#N/A,البرز,کرج,512,0,1,6,0,0,0,0,0,0
41654758,#N/A,#N/A,تهران,تهران,8192,0,2,6,0,0,0,0,0,0
41654751,#N/A,#N/A,تهران,تهران,512,0,10,10,0,0,0,0,0,0
41654749,#N/A,#N/A,تهران,تهران,4096,0,1,13,0,0,0,0,0,0
41654748,#N/A,#N/A,تهران,تهران,8192,0,1,14,0,0,0,0,0,0
41654742,#N/A,#N/A,اصفهان,اصفهان,512,0,2,6,0,0,0,0,0,0
41654740,#N/A,#N/A,البرز,کرج,8192,0,2,4,0,0,0,0,0,0
41654736,#N/A,#N/A,تهران,تهران,512,0,3,11,0,0,0,0,0,0
41654733,#N/A,#N/A,تهران,تهران,512,0,1,7,0,0,1,0,0,0
41654726,#N/A,#N/A,تهران,تهران,512,0,1,5,0,0,1,0,0,0
41654714,#N/A,#N/A,تهران,تهران,512,0,1,13,0,0,0,0,0,0
41654705,#N/A,#N/A,اصفهان,اصفهان,8192,0,2,7,0,0,0,0,0,0
41654704,#N/A,#N/A,البرز,کرج,8192,0,2,4,0,0,0,0,0,0
41654703,#N/A,#N/A,تهران,تهران,8192,0,5,8,0,0,0,0,0,0
41654701,#N/A,#N/A,اصفهان,اصفهان,16384,0,1,5,0,0,0,0,0,0
41654699,#N/A,#N/A,تهران,تهران,8192,0,2,10,0,0,0,0,0,0
41654692,#N/A,#N/A,البرز,کرج,512,0,8,5,0,0,0,0,0,0
41654689,#N/A,#N/A,تهران,تهران,8192,0,2,8,0,0,0,0,0,0
41654685,#N/A,#N/A,تهران,تهران,512,0,1,11,0,0,0,0,0,0
41654683,#N/A,#N/A,تهران,تهران,512,0,13,9,0,0,1,1,0,0
41654669,#N/A,#N/A,تهران,تهران,512,0,4,9,0,0,0,0,0,0
41654666,#N/A,#N/A,اصفهان,اصفهان,16384,0,2,4,0,0,1,0,0,0
41654661,#N/A,#N/A,تهران,تهران,8192,0,14,5,0,0,0,0,0,0
41654654,#N/A,#N/A,اصفهان,اصفهان,4096,0,1,10,0,0,0,0,0,0
41654648,#N/A,#N/A,اصفهان,اصفهان,512,0,3,5,0,0,0,0,0,0
41654647,#N/A,#N/A,تهران,تهران,512,0,3,8,0,0,0,0,0,0
41654645,#N/A,#N/A,تهران,تهران,2048,0,1,4,0,0,0,0,0,0
41654642,#N/A,#N/A,تهران,تهران,8192,0,4,12,0,0,0,0,0,0
41654639,#N/A,#N/A,آذربایجان شرقی,تبریز,512,0,2,5,0,0,0,0,0,0
41654638,#N/A,#N/A,تهران,تهران,512,0,3,19,0,0,0,0,0,0
41654634,#N/A,#N/A,تهران,تهران,512,0,2,6,0,0,0,0,0,0
41654620,#N/A,#N/A,تهران,تهران,16384,0,2,6,0,0,0,0,0,0
41654617,#N/A,#N/A,تهران,تهران,16384,0,1,7,0,0,0,0,0,0
41654615,#N/A,#N/A,تهران,تهران,16384,0,1,3,0,0,0,0,0,0
41654608,#N/A,#N/A,اصفهان,اصفهان,8192,0,2,6,0,0,0,0,0,0
41654607,#N/A,#N/A,آذربایجان شرقی,تبریز,1024,0,1,7,0,0,0,0,0,0
41654606,#N/A,#N/A,آذربایجان شرقی,تبریز,16384,0,8,8,0,0,0,0,0,0
41654596,#N/A,#N/A,تهران,تهران,8192,0,4,8,0,0,1,0,0,0
41654595,#N/A,#N/A,تهران,تهران,512,0,2,6,0,0,1,0,0,0
41654588,#N/A,#N/A,البرز,کرج,2048,0,1,5,0,0,0,0,0,0
41654576,#N/A,#N/A,تهران,تهران,4096,0,3,9,0,0,0,0,0,0
41654575,#N/A,#N/A,اصفهان,اصفهان,512,0,1,6,0,0,0,0,0,0
41654573,#N/A,#N/A,تهران,تهران,512,0,1,6,0,0,1,0,0,0
41654572,#N/A,#N/A,تهران,تهران,8192,0,2,4,0,0,0,0,0,0
41654567,#N/A,#N/A,اصفهان,اصفهان,8192,0,5,6,0,0,0,0,0,0
41654564,#N/A,#N/A,تهران,تهران,512,0,2,8,0,0,1,0,0,0
41654555,#N/A,#N/A,اصفهان,اصفهان,4096,0,5,13,0,0,0,0,0,0
41654552,#N/A,#N/A,اصفهان,اصفهان,512,0,1,6,0,0,1,0,0,0
41654547,#N/A,#N/A,تهران,تهران,8192,0,2,7,0,0,0,0,0,0
41654541,#N/A,#N/A,اصفهان,اصفهان,512,0,1,9,0,0,0,0,0,0
41654540,#N/A,#N/A,تهران,تهران,8192,0,1,5,0,0,0,0,0,0
41654535,#N/A,#N/A,اصفهان,اصفهان,4096,0,9,8,0,0,0,0,0,0
41654533,#N/A,#N/A,تهران,تهران,512,0,4,9,0,0,0,0,0,0
41654524,#N/A,#N/A,اصفهان,اصفهان,512,0,2,6,0,0,0,0,0,0
41654515,#N/A,#N/A,تهران,تهران,512,0,2,7,0,0,0,0,0,0
41654502,#N/A,#N/A,تهران,تهران,8192,0,2,8,0,0,0,0,0,0
41654489,#N/A,#N/A,اصفهان,اصفهان,512,0,1,7,0,0,0,0,0,0
41654479,#N/A,#N/A,تهران,تهران,512,0,4,3,0,0,0,0,0,0
41654478,#N/A,#N/A,اصفهان,اصفهان,512,0,1,4,0,0,0,0,0,0
41654470,#N/A,#N/A,تهران,تهران,2048,0,2,4,0,0,0,0,0,0
41654461,#N/A,#N/A,آذربایجان شرقی,تبریز,1024,0,1,4,0,0,0,0,0,0
41654459,#N/A,#N/A,تهران,تهران,4096,0,2,7,0,0,0,0,0,0
41654456,#N/A,#N/A,تهران,تهران,8192,0,5,10,0,0,0,0,0,0
41654449,#N/A,#N/A,اصفهان,اصفهان,512,0,2,6,0,0,0,0,0,0
41654430,#N/A,#N/A,تهران,تهران,8192,0,4,12,0,0,0,0,0,0
41654429,#N/A,#N/A,اصفهان,اصفهان,4096,0,1,9,0,0,0,0,0,0
41654422,#N/A,#N/A,البرز,کرج,1024,0,1,8,0,0,0,0,0,0
41654401,#N/A,#N/A,البرز,کرج,512,0,1,4,0,0,0,0,0,0
41654398,#N/A,#N/A,البرز,کرج,8192,0,9,6,0,0,1,0,0,0
41654392,#N/A,#N/A,تهران,تهران,8192,0,3,10,0,0,0,0,0,0
41654390,#N/A,#N/A,تهران,تهران,512,0,3,8,0,0,0,0,0,0
41654389,#N/A,#N/A,تهران,تهران,512,0,2,5,0,0,0,0,0,0
41654385,#N/A,#N/A,البرز,کرج,512,0,4,4,0,0,0,0,0,0
41654384,#N/A,#N/A,تهران,تهران,16384,0,4,8,0,0,0,0,0,0
41654380,#N/A,#N/A,تهران,تهران,4096,0,4,8,0,0,0,0,0,0
41654360,#N/A,#N/A,تهران,تهران,2048,0,3,5,0,0,0,0,0,0
41654358,#N/A,#N/A,تهران,تهران,512,0,1,6,0,0,1,0,0,0
41654346,#N/A,#N/A,اصفهان,اصفهان,512,0,2,8,0,0,0,0,0,0
41654344,#N/A,#N/A,آذربایجان شرقی,تبریز,512,0,4,10,0,0,0,0,0,0
41654338,#N/A,#N/A,البرز,کرج,512,0,0,4,0,0,0,0,0,0
41654336,#N/A,#N/A,تهران,تهران,8192,0,6,7,0,0,0,0,0,0
41654322,#N/A,#N/A,اصفهان,اصفهان,512,0,2,8,0,0,0,0,0,0
41654318,#N/A,#N/A,اصفهان,اصفهان,8192,0,8,12,0,0,0,0,0,0
41654314,#N/A,#N/A,آذربایجان شرقی,تبریز,1024,0,5,6,0,0,0,0,0,0
41654313,#N/A,#N/A,تهران,تهران,512,0,3,6,0,0,0,0,0,0
41654304,#N/A,#N/A,آذربایجان شرقی,تبریز,8192,0,4,8,0,0,1,0,0,0
41654302,#N/A,#N/A,تهران,تهران,2048,0,2,5,0,0,0,0,0,0
41654298,#N/A,#N/A,البرز,کرج,512,0,1,10,0,0,0,0,0,0
41654280,#N/A,#N/A,تهران,تهران,8192,0,1,8,0,0,0,0,0,0
41654279,#N/A,#N/A,تهران,تهران,8192,0,1,10,0,0,0,0,0,0
41654275,#N/A,#N/A,آذربایجان شرقی,تبریز,2048,0,2,5,0,0,0,0,0,0
41654273,#N/A,#N/A,تهران,تهران,8192,0,4,3,0,0,0,0,0,0
41654270,#N/A,#N/A,اصفهان,اصفهان,512,0,1,7,0,0,1,0,0,0
41654268,#N/A,#N/A,البرز,کرج,512,0,2,6,0,0,0,0,0,0
41654264,#N/A,#N/A,تهران,تهران,512,0,1,12,0,0,1,1,0,0
41654254,#N/A,#N/A,اصفهان,اصفهان,1024,0,1,5,0,0,0,0,0,0
41654250,#N/A,#N/A,البرز,کرج,1024,0,6,9,0,0,0,0,0,0
41654248,#N/A,#N/A,اصفهان,اصفهان,512,0,1,7,0,0,0,0,0,0
41654245,#N/A,#N/A,تهران,تهران,2048,0,4,8,0,0,0,0,0,0
41654235,#N/A,#N/A,آذربایجان شرقی,تبریز,8192,0,1,10,0,0,0,0,0,0
41654232,#N/A,#N/A,تهران,تهران,512,0,5,5,0,0,0,0,0,0
41654214,#N/A,#N/A,تهران,تهران,512,0,2,4,0,0,0,0,0,0
41654212,#N/A,#N/A,تهران,تهران,1024,0,3,3,0,0,0,0,0,0
41654191,#N/A,#N/A,تهران,تهران,8192,0,1,9,0,0,0,0,0,0
41654185,#N/A,#N/A,تهران,تهران,512,0,2,4,0,0,1,1,0,0
41654177,#N/A,#N/A,تهران,تهران,512,0,5,6,0,0,1,0,0,0
41654163,#N/A,#N/A,تهران,تهران,8192,0,1,4,0,0,0,0,0,0
41654156,#N/A,#N/A,تهران,تهران,1024,0,3,3,0,0,0,0,0,0
41654155,#N/A,#N/A,تهران,تهران,512,0,0,6,0,0,0,0,0,0
41654150,#N/A,#N/A,اصفهان,اصفهان,2048,0,8,9,0,0,0,0,0,0
41654146,#N/A,#N/A,البرز,کرج,8192,0,2,11,0,0,0,0,0,0
41654144,#N/A,#N/A,تهران,تهران,512,0,4,12,0,1,0,0,0,0
41654128,#N/A,#N/A,البرز,کرج,4096,0,1,8,0,0,0,0,0,0
41654124,#N/A,#N/A,البرز,کرج,512,0,6,4,0,0,0,0,0,0
41654114,#N/A,#N/A,تهران,تهران,512,0,2,5,0,0,1,0,0,0
41654113,#N/A,#N/A,تهران,تهران,8192,0,1,9,0,0,1,0,0,0
41654108,#N/A,#N/A,تهران,تهران,512,0,3,5,0,0,0,0,0,0
41654103,#N/A,#N/A,تهران,تهران,512,0,3,9,0,0,0,0,0,0
41654084,#N/A,#N/A,تهران,تهران,4096,0,1,3,0,0,0,0,0,0
41654079,#N/A,#N/A,تهران,تهران,512,0,4,4,0,0,0,0,0,0
41654074,#N/A,#N/A,اصفهان,اصفهان,16384,0,4,6,0,0,0,0,0,0
41654066,#N/A,#N/A,تهران,تهران,512,0,2,7,0,0,0,0,0,0
41654062,#N/A,#N/A,تهران,تهران,512,0,3,21,0,0,0,0,0,0
41654061,#N/A,#N/A,البرز,کرج,8192,0,8,14,0,0,0,0,0,0
41654060,#N/A,#N/A,تهران,تهران,512,0,2,11,0,0,0,0,0,0
41654056,#N/A,#N/A,البرز,کرج,8192,0,4,9,0,0,0,0,0,0
41654050,#N/A,#N/A,البرز,کرج,512,0,2,8,0,0,0,0,0,0
41654046,#N/A,#N/A,تهران,تهران,8192,0,1,6,0,0,0,0,0,0
41654045,#N/A,#N/A,اصفهان,اصفهان,8192,0,2,6,0,0,1,0,0,0
41654043,#N/A,#N/A,تهران,تهران,16384,0,3,7,0,0,0,0,0,0
41654027,#N/A,#N/A,البرز,کرج,8192,0,2,10,0,0,0,0,0,0
41654025,#N/A,#N/A,تهران,تهران,1024,0,1,13,0,0,0,0,0,0
41654023,#N/A,#N/A,تهران,تهران,4096,0,1,3,0,0,0,0,0,0
41654020,#N/A,#N/A,تهران,تهران,4096,0,1,4,0,0,0,0,0,0
41654018,#N/A,#N/A,البرز,کرج,8192,0,1,13,0,0,1,0,0,0
41654012,#N/A,#N/A,تهران,تهران,512,0,1,4,0,0,0,0,0,0
41654011,#N/A,#N/A,البرز,کرج,512,0,1,7,0,0,1,0,0,0
41654007,#N/A,#N/A,تهران,تهران,16384,0,3,5,0,0,0,0,0,0
41654005,#N/A,#N/A,اصفهان,اصفهان,8192,0,2,5,0,0,0,0,0,0
41654003,#N/A,#N/A,تهران,تهران,2048,0,9,19,0,0,0,0,0,0
41654001,#N/A,#N/A,تهران,تهران,512,0,2,10,0,0,0,0,0,0
41653994,#N/A,#N/A,تهران,تهران,512,0,5,11,0,0,0,0,0,0
41653991,#N/A,#N/A,تهران,تهران,512,0,7,5,0,0,0,0,0,0
41653988,#N/A,#N/A,تهران,تهران,512,0,6,7,0,0,0,0,1,0
41653987,#N/A,#N/A,البرز,کرج,512,0,1,4,0,0,0,0,0,0
41653984,#N/A,#N/A,تهران,تهران,512,0,2,4,0,0,0,0,0,0
41653982,#N/A,#N/A,تهران,تهران,512,0,3,6,0,0,0,0,0,0
41653980,#N/A,#N/A,تهران,تهران,8192,0,2,3,0,0,0,0,0,0
41653978,#N/A,#N/A,تهران,تهران,512,0,1,5,0,0,1,0,0,0
41653976,#N/A,#N/A,البرز,کرج,512,0,3,6,0,0,0,0,0,0
41653974,#N/A,#N/A,تهران,تهران,512,0,4,5,0,0,0,0,0,0
41653973,#N/A,#N/A,تهران,تهران,512,0,3,4,0,0,0,0,0,0
41653969,#N/A,#N/A,اصفهان,اصفهان,16384,0,4,7,0,0,0,0,0,0
41653966,#N/A,#N/A,البرز,کرج,8192,0,1,4,0,0,0,0,0,0
41653961,#N/A,#N/A,تهران,تهران,512,0,0,7,0,0,0,0,0,0
41653956,#N/A,#N/A,تهران,تهران,512,0,4,7,0,0,0,0,0,0
41653950,#N/A,#N/A,تهران,تهران,512,0,5,5,0,0,0,0,0,0
41653946,#N/A,#N/A,البرز,کرج,1024,0,5,18,0,0,0,0,0,0
41653943,#N/A,#N/A,البرز,کرج,512,0,1,8,0,0,1,0,0,0
41653941,#N/A,#N/A,تهران,تهران,16384,0,1,4,0,0,0,0,0,0
41653939,#N/A,#N/A,تهران,تهران,512,0,1,5,0,0,0,0,0,0
41653933,#N/A,#N/A,تهران,تهران,1024,0,7,5,0,0,0,0,0,0
41653932,#N/A,#N/A,تهران,تهران,512,0,2,10,0,0,0,0,0,0
41653930,#N/A,#N/A,اصفهان,اصفهان,512,0,2,6,0,0,0,0,0,0
41653926,#N/A,#N/A,تهران,تهران,512,0,6,9,0,0,0,0,0,0
41653923,#N/A,#N/A,تهران,تهران,8192,0,3,12,0,0,0,0,0,0
41653922,#N/A,#N/A,اصفهان,اصفهان,512,0,2,8,0,0,0,0,0,0
41653917,#N/A,#N/A,اصفهان,اصفهان,2048,0,1,9,0,0,0,0,0,0
41653914,#N/A,#N/A,تهران,تهران,512,0,2,5,0,0,0,0,0,0
41653909,#N/A,#N/A,تهران,تهران,512,0,1,15,0,0,0,0,0,0
41653905,#N/A,#N/A,تهران,تهران,512,0,1,5,0,0,0,0,0,0
41653903,#N/A,#N/A,تهران,تهران,512,0,4,6,0,0,0,0,0,0
41653902,#N/A,#N/A,تهران,تهران,8192,0,2,6,0,0,0,0,0,0
41653901,#N/A,#N/A,تهران,تهران,2048,0,1,13,0,0,0,0,0,0
41653900,#N/A,#N/A,تهران,تهران,16384,0,5,12,0,0,0,0,0,0
41653899,#N/A,#N/A,البرز,کرج,512,0,6,5,0,0,0,0,0,0
41653882,#N/A,#N/A,تهران,تهران,2048,0,3,5,0,0,0,0,0,0
41653881,#N/A,#N/A,تهران,تهران,8192,0,1,8,0,0,0,0,0,0
41653879,#N/A,#N/A,تهران,تهران,512,0,2,7,0,0,1,0,0,0
41653875,#N/A,#N/A,تهران,تهران,512,0,1,7,0,0,0,0,0,0
41653874,#N/A,#N/A,تهران,تهران,8192,0,4,4,0,0,0,0,0,0
41653872,#N/A,#N/A,تهران,تهران,1024,0,1,10,0,0,1,0,0,0
41653867,#N/A,#N/A,تهران,تهران,8192,0,1,5,0,0,0,0,0,0
41653865,#N/A,#N/A,تهران,تهران,8192,0,2,14,0,0,0,0,0,0
41653854,#N/A,#N/A,تهران,تهران,4096,0,1,3,0,0,0,0,0,0
41653853,#N/A,#N/A,تهران,تهران,16384,0,3,6,0,0,0,0,0,0
41653851,#N/A,#N/A,تهران,تهران,512,0,3,9,0,0,0,0,0,0
41653849,#N/A,#N/A,تهران,تهران,1024,0,1,4,0,0,0,0,0,0
41653848,#N/A,#N/A,البرز,کرج,8192,0,1,5,0,0,0,0,0,0
41653830,#N/A,#N/A,تهران,تهران,512,0,5,7,0,0,0,0,0,0
41653823,#N/A,#N/A,البرز,کرج,512,0,2,6,0,0,0,0,0,0
41653820,#N/A,#N/A,آذربایجان شرقی,تبریز,8192,0,5,8,0,0,0,0,0,0
41653819,#N/A,#N/A,تهران,تهران,512,0,2,4,0,0,0,0,0,0
41653816,#N/A,#N/A,تهران,تهران,4096,0,1,3,0,0,0,0,0,0
41653808,#N/A,#N/A,تهران,تهران,512,0,0,13,0,0,0,0,0,0
41653805,#N/A,#N/A,تهران,تهران,512,0,1,6,0,0,0,0,0,0
41653804,#N/A,#N/A,تهران,تهران,1024,0,1,3,0,0,0,0,0,0
41653802,#N/A,#N/A,تهران,تهران,1024,0,1,8,0,0,0,0,0,0
41653799,#N/A,#N/A,تهران,تهران,512,0,5,5,0,0,0,0,0,0
41653798,#N/A,#N/A,تهران,تهران,1024,0,2,5,0,0,0,0,0,0
41653796,#N/A,#N/A,تهران,تهران,512,0,2,4,0,0,0,0,0,0
41653793,#N/A,#N/A,تهران,تهران,512,0,4,6,0,0,0,0,0,0
41653792,#N/A,#N/A,اصفهان,اصفهان,8192,0,0,10,0,0,0,0,0,0
41653787,#N/A,#N/A,تهران,تهران,4096,0,9,7,0,0,0,0,0,0
41653785,#N/A,#N/A,البرز,کرج,4096,0,2,7,0,0,1,0,0,0
41653783,#N/A,#N/A,تهران,تهران,1024,0,2,5,0,0,0,0,0,0
41653773,#N/A,#N/A,تهران,تهران,512,0,0,8,0,0,0,0,0,0
41653769,#N/A,#N/A,اصفهان,اصفهان,2048,0,1,8,0,0,0,0,0,0
41653767,#N/A,#N/A,تهران,تهران,512,0,1,10,0,0,1,0,0,0
41653766,#N/A,#N/A,تهران,تهران,512,0,2,17,0,0,1,0,0,0
41653763,#N/A,#N/A,تهران,تهران,1024,0,1,9,0,0,1,0,0,0
41653760,#N/A,#N/A,البرز,کرج,512,0,1,5,0,0,0,0,0,0
41653757,#N/A,#N/A,تهران,تهران,8192,0,1,10,0,0,0,0,0,0
41653754,#N/A,#N/A,تهران,تهران,1024,0,9,7,0,0,0,0,0,0
41653744,#N/A,#N/A,تهران,تهران,512,0,3,5,0,0,0,0,0,0
41653738,#N/A,#N/A,تهران,تهران,4096,0,2,7,0,0,0,0,0,0
41653735,#N/A,#N/A,تهران,تهران,512,0,3,6,0,0,0,0,0,0
41653733,#N/A,#N/A,آذربایجان شرقی,تبریز,2048,0,1,10,0,0,0,0,0,0
41653732,#N/A,#N/A,تهران,تهران,512,0,3,6,0,0,0,0,0,0
41653729,#N/A,#N/A,اصفهان,اصفهان,512,0,1,6,0,0,0,0,0,0
41653728,#N/A,#N/A,اصفهان,اصفهان,512,0,14,4,0,0,0,0,0,0
41653727,#N/A,#N/A,تهران,تهران,512,0,7,17,0,0,0,0,0,0
41653726,#N/A,#N/A,تهران,تهران,2048,0,5,6,0,0,0,0,0,0
41653722,#N/A,#N/A,اصفهان,اصفهان,16384,0,1,6,0,0,0,0,0,0
41653719,#N/A,#N/A,تهران,تهران,512,0,2,8,0,0,0,0,0,0
41653716,#N/A,#N/A,البرز,کرج,512,0,2,11,0,0,1,0,0,0
41653715,#N/A,#N/A,اصفهان,اصفهان,512,0,0,4,0,0,0,0,0,0
41653711,#N/A,#N/A,تهران,تهران,4096,0,1,4,0,0,0,0,0,0
41653708,#N/A,#N/A,تهران,تهران,512,0,2,5,0,0,1,0,0,0
41653705,#N/A,#N/A,تهران,تهران,8192,0,2,10,0,0,0,0,0,0
41653695,#N/A,#N/A,تهران,تهران,512,0,1,6,0,0,1,0,0,0
41653693,#N/A,#N/A,تهران,تهران,512,0,1,8,0,0,0,0,0,0
41653691,#N/A,#N/A,البرز,کرج,8192,0,3,11,0,0,0,0,0,0
41653688,#N/A,#N/A,تهران,تهران,512,0,2,6,0,0,0,0,0,0
41653687,#N/A,#N/A,اصفهان,اصفهان,512,0,2,9,0,0,1,0,0,0
41653685,#N/A,#N/A,البرز,کرج,512,0,2,8,0,0,0,0,0,0
41653684,#N/A,#N/A,تهران,تهران,512,0,3,17,0,0,1,0,0,0
41653682,#N/A,#N/A,تهران,تهران,8192,0,1,13,0,0,0,0,0,0
41653679,#N/A,#N/A,تهران,تهران,8192,0,2,6,0,0,0,0,0,0
41653678,#N/A,#N/A,تهران,تهران,8192,0,4,14,0,0,0,0,0,0
41653674,#N/A,#N/A,تهران,تهران,2048,0,1,14,0,0,0,0,0,0
41653664,#N/A,#N/A,تهران,تهران,1024,0,0,6,0,0,0,0,0,0
41653663,#N/A,#N/A,اصفهان,اصفهان,2048,0,2,20,0,0,0,0,0,0
41653661,#N/A,#N/A,تهران,تهران,8192,0,1,12,0,0,0,0,0,0
41653656,#N/A,#N/A,تهران,تهران,8192,0,3,12,0,0,0,0,0,0
41653650,#N/A,#N/A,تهران,تهران,16384,0,4,11,0,0,0,0,0,0
41653648,#N/A,#N/A,تهران,تهران,1024,0,6,5,0,0,1,0,0,0
41653644,#N/A,#N/A,آذربایجان شرقی,تبریز,8192,0,2,11,0,0,0,0,0,0
41653643,#N/A,#N/A,البرز,کرج,4096,0,1,4,0,0,0,0,0,0
41653642,#N/A,#N/A,تهران,تهران,512,0,4,8,0,0,0,0,0,0
41653641,#N/A,#N/A,تهران,تهران,512,0,4,9,0,0,0,0,0,0
41653638,#N/A,#N/A,تهران,تهران,512,0,2,10,0,0,0,0,0,0
41653635,#N/A,#N/A,تهران,تهران,512,0,3,5,0,0,0,0,0,0
41653616,#N/A,#N/A,تهران,تهران,16384,0,3,5,0,0,0,0,0,0
41653612,#N/A,#N/A,آذربایجان شرقی,تبریز,1024,0,2,4,0,0,0,0,0,0
41653610,#N/A,#N/A,تهران,تهران,512,0,12,6,0,0,0,0,0,0
41653605,#N/A,#N/A,تهران,تهران,8192,0,2,6,0,0,0,0,0,0
41653593,#N/A,#N/A,تهران,تهران,1024,0,4,13,0,0,0,0,0,0
41653588,#N/A,#N/A,البرز,کرج,1024,0,6,14,0,0,0,0,0,0
41653586,#N/A,#N/A,تهران,تهران,8192,0,3,7,0,0,0,0,0,0
41653581,#N/A,#N/A,تهران,تهران,2048,0,2,3,0,0,0,0,0,0
41653580,#N/A,#N/A,تهران,تهران,8192,0,3,10,0,0,0,0,0,0
41653574,#N/A,#N/A,تهران,تهران,8192,0,4,3,0,0,0,0,0,0
41653573,#N/A,#N/A,تهران,تهران,8192,0,6,10,0,0,0,0,0,0
41653568,#N/A,#N/A,تهران,تهران,512,0,5,14,0,0,0,0,0,0
41653567,#N/A,#N/A,تهران,تهران,8192,0,11,6,0,0,0,0,0,0
41653565,#N/A,#N/A,البرز,کرج,8192,0,4,4,0,0,0,0,0,0
41653556,#N/A,#N/A,تهران,تهران,1024,0,1,13,0,0,0,0,0,0
41653544,#N/A,#N/A,تهران,تهران,512,0,3,7,0,0,0,0,0,0
41653543,#N/A,#N/A,تهران,تهران,4096,0,4,5,0,0,0,0,0,0
41653541,#N/A,#N/A,تهران,تهران,4096,0,7,5,0,0,0,0,0,0
41653539,#N/A,#N/A,اصفهان,اصفهان,512,0,2,5,0,0,0,0,0,0
41653532,#N/A,#N/A,تهران,تهران,512,0,2,3,0,0,0,0,0,0
41653531,#N/A,#N/A,تهران,تهران,512,0,1,12,0,0,0,0,0,0
41653527,#N/A,#N/A,تهران,تهران,512,0,1,17,0,0,0,0,0,0
41653524,#N/A,#N/A,تهران,تهران,512,0,1,5,0,0,0,0,0,0
41653523,#N/A,#N/A,تهران,تهران,8192,0,1,6,0,0,1,1,0,0
41653515,#N/A,#N/A,اصفهان,اصفهان,4096,0,1,14,0,0,0,0,0,0
41653513,#N/A,#N/A,تهران,تهران,512,0,3,12,0,0,0,0,0,0
41653511,#N/A,#N/A,تهران,تهران,512,0,1,8,0,0,0,0,0,0
41653508,#N/A,#N/A,تهران,تهران,512,0,2,8,0,0,0,0,0,0
41653506,#N/A,#N/A,تهران,تهران,512,0,1,13,0,0,0,0,0,0
41653504,#N/A,#N/A,تهران,تهران,8192,0,1,8,0,0,0,0,0,0
41653503,#N/A,#N/A,اصفهان,اصفهان,8192,0,10,12,0,0,0,0,0,0
41653501,#N/A,#N/A,تهران,تهران,512,0,3,5,0,0,0,0,0,0
41653500,#N/A,#N/A,تهران,تهران,8192,0,2,10,0,0,0,0,0,0
41653496,#N/A,#N/A,تهران,تهران,8192,0,2,14,0,0,0,0,0,0
41653494,#N/A,#N/A,تهران,تهران,8192,0,5,7,0,0,0,0,0,0
41653493,#N/A,#N/A,البرز,کرج,8192,0,5,6,0,0,0,0,0,0
41653490,#N/A,#N/A,تهران,تهران,16384,0,1,4,0,0,0,0,0,0
41653476,#N/A,#N/A,البرز,کرج,512,0,8,7,0,0,0,0,0,0
41653474,#N/A,#N/A,تهران,تهران,512,0,6,2,0,0,1,0,0,0
41653460,#N/A,#N/A,البرز,کرج,16384,0,11,9,0,0,0,0,0,0
41653458,#N/A,#N/A,اصفهان,اصفهان,512,0,8,8,0,0,0,0,0,0
41653456,#N/A,#N/A,تهران,تهران,512,0,3,6,0,0,0,0,0,0
41653455,#N/A,#N/A,تهران,تهران,512,0,3,5,0,0,1,1,0,0
41653453,#N/A,#N/A,تهران,تهران,16384,0,1,6,0,0,0,0,0,0
41653447,#N/A,#N/A,تهران,تهران,16384,0,4,8,0,0,0,0,0,0
41653437,#N/A,#N/A,تهران,تهران,8192,0,2,7,0,0,0,0,0,0
41653431,#N/A,#N/A,تهران,تهران,8192,0,2,8,0,0,0,0,0,0
41653428,#N/A,#N/A,اصفهان,اصفهان,8192,0,5,8,0,0,0,0,0,0
41653416,#N/A,#N/A,تهران,تهران,8192,0,2,7,0,0,0,0,0,0
41653415,#N/A,#N/A,تهران,تهران,8192,0,2,7,0,0,0,0,0,0
41653409,#N/A,#N/A,البرز,کرج,512,0,1,5,0,0,0,0,0,0
41653405,#N/A,#N/A,تهران,تهران,8192,0,1,7,0,0,0,0,0,0
41653397,#N/A,#N/A,تهران,تهران,2048,0,1,6,0,0,0,0,0,0
41653395,#N/A,#N/A,تهران,تهران,512,0,1,4,0,0,0,0,0,0
41653393,#N/A,#N/A,تهران,تهران,512,0,2,18,0,0,0,0,0,0
41653392,#N/A,#N/A,تهران,تهران,512,0,4,7,0,0,0,0,0,0
41653386,#N/A,#N/A,تهران,تهران,512,0,3,5,0,0,0,0,0,0
41653383,#N/A,#N/A,تهران,تهران,512,0,1,5,0,0,0,0,0,0
41653380,#N/A,#N/A,تهران,تهران,512,0,3,3,0,0,0,0,0,0
41653379,#N/A,#N/A,تهران,تهران,8192,0,1,10,0,0,1,0,0,0
41653378,#N/A,#N/A,تهران,تهران,512,0,7,7,0,0,0,0,0,0
41653363,#N/A,#N/A,تهران,تهران,1024,0,2,7,0,0,0,0,0,0
41653360,#N/A,#N/A,البرز,کرج,2048,0,4,5,0,0,0,0,0,0
41653358,#N/A,#N/A,تهران,تهران,2048,0,7,5,0,0,0,0,0,0
41653357,#N/A,#N/A,اصفهان,اصفهان,4096,0,2,10,0,0,0,0,0,0
41653355,#N/A,#N/A,تهران,تهران,3072,0,1,7,0,0,0,0,0,0
41653352,#N/A,#N/A,تهران,تهران,4096,0,12,16,0,0,0,0,0,0
41653344,#N/A,#N/A,تهران,تهران,8192,0,1,6,0,0,0,0,0,0
41653343,#N/A,#N/A,تهران,تهران,2048,0,5,5,0,0,0,0,0,0
41653340,#N/A,#N/A,آذربایجان شرقی,تبریز,1024,0,1,4,0,0,0,0,0,0
41653339,#N/A,#N/A,تهران,تهران,16384,0,5,6,0,0,0,0,0,0
41653338,#N/A,#N/A,تهران,تهران,4096,0,3,6,0,0,0,0,0,0
41653337,#N/A,#N/A,البرز,کرج,1024,0,2,10,0,0,0,0,0,0
41653326,#N/A,#N/A,تهران,تهران,4096,0,1,12,0,0,0,0,0,0
41653324,#N/A,#N/A,تهران,تهران,4096,0,3,7,0,0,0,0,0,0
41653323,#N/A,#N/A,تهران,تهران,8192,0,3,7,0,0,0,0,0,0
41653317,#N/A,#N/A,تهران,تهران,4096,0,1,6,0,0,0,0,0,0
41653315,#N/A,#N/A,تهران,تهران,1024,0,8,12,0,0,0,0,0,0
41653295,#N/A,#N/A,تهران,تهران,8192,0,5,6,0,0,0,0,0,0
41653290,#N/A,#N/A,البرز,کرج,8192,0,2,8,0,0,0,0,0,0
41653289,#N/A,#N/A,البرز,کرج,512,0,1,9,0,0,0,0,0,0
41653287,#N/A,#N/A,تهران,تهران,8192,0,5,7,0,0,0,0,0,0
41653282,#N/A,#N/A,تهران,تهران,512,0,2,5,0,0,0,0,0,0
41653281,#N/A,#N/A,تهران,تهران,512,0,2,8,0,0,0,0,0,0
41653279,#N/A,#N/A,تهران,تهران,8192,0,3,4,0,0,0,0,0,0
41653267,#N/A,#N/A,تهران,تهران,512,0,11,8,0,0,0,0,0,0
41653266,#N/A,#N/A,تهران,تهران,512,0,1,6,0,0,0,0,0,0
41653265,#N/A,#N/A,تهران,تهران,8192,0,1,5,0,0,0,0,0,0
41653263,#N/A,#N/A,تهران,تهران,512,0,3,5,0,0,0,0,0,0
41653252,#N/A,#N/A,آذربایجان شرقی,تبریز,512,0,4,13,0,0,0,0,0,0
41653244,#N/A,#N/A,تهران,تهران,512,0,2,14,0,0,0,0,0,0
41653237,#N/A,#N/A,تهران,تهران,1024,0,1,10,0,0,0,0,0,0
41653233,#N/A,#N/A,تهران,تهران,1024,0,4,7,0,0,0,0,0,0
41653232,#N/A,#N/A,اصفهان,اصفهان,8192,0,2,4,0,0,0,0,0,0
41653229,#N/A,#N/A,تهران,تهران,2048,0,1,10,0,0,0,0,0,0
41653215,#N/A,#N/A,آذربایجان شرقی,تبریز,512,0,3,7,0,0,0,0,0,0
41653212,#N/A,#N/A,تهران,تهران,512,0,1,6,0,0,0,0,0,0
41653204,#N/A,#N/A,تهران,تهران,8192,0,3,6,0,0,0,0,0,0
41653201,#N/A,#N/A,البرز,کرج,512,0,1,5,0,0,0,0,0,0
41653196,#N/A,#N/A,تهران,تهران,2048,0,2,7,0,0,0,0,0,0
41653190,#N/A,#N/A,تهران,تهران,8192,0,1,5,0,0,0,0,0,1
41653189,#N/A,#N/A,تهران,تهران,512,0,1,12,0,0,0,0,0,0
41653188,#N/A,#N/A,البرز,کرج,1024,0,3,5,0,0,0,0,0,0
41653187,#N/A,#N/A,تهران,تهران,512,0,26,7,0,0,0,0,0,0
41653186,#N/A,#N/A,تهران,تهران,1024,0,1,5,0,0,0,0,0,0
41653185,#N/A,#N/A,البرز,کرج,512,0,1,3,0,0,0,0,0,0
41653183,#N/A,#N/A,اصفهان,اصفهان,2048,0,4,8,0,0,0,0,0,0
41653177,#N/A,#N/A,تهران,تهران,512,0,2,5,0,0,1,0,0,0
41653175,#N/A,#N/A,آذربایجان شرقی,تبریز,8192,0,6,10,0,0,0,0,0,0
41653171,#N/A,#N/A,تهران,تهران,2048,0,2,6,0,0,0,0,0,0
41653166,#N/A,#N/A,البرز,کرج,512,0,3,7,0,0,0,0,0,0
41653161,#N/A,#N/A,اصفهان,اصفهان,2048,0,7,8,0,0,0,0,0,0
41653157,#N/A,#N/A,البرز,کرج,512,0,2,8,0,0,0,0,0,0
41653143,#N/A,#N/A,البرز,کرج,2048,0,4,6,0,0,0,0,0,0
41653135,#N/A,#N/A,البرز,کرج,8192,0,3,9,0,0,0,0,0,0
41653130,#N/A,#N/A,تهران,تهران,8192,0,6,15,0,0,0,0,0,0
41653128,#N/A,#N/A,تهران,تهران,512,0,1,4,0,0,0,0,0,0
41653126,#N/A,#N/A,آذربایجان شرقی,تبریز,512,0,4,5,0,0,0,0,0,0
41653125,#N/A,#N/A,تهران,تهران,1024,0,1,10,0,0,0,0,0,0
41653124,#N/A,#N/A,البرز,کرج,8192,0,1,23,0,0,0,0,0,0
41653120,#N/A,#N/A,تهران,تهران,512,0,4,16,0,0,0,0,0,0
41653117,#N/A,#N/A,تهران,تهران,8192,0,2,10,0,0,0,0,0,0
41653106,#N/A,#N/A,تهران,تهران,512,0,2,5,0,0,0,0,0,0
41653099,#N/A,#N/A,البرز,کرج,1024,0,9,15,0,0,0,0,0,0
41653098,#N/A,#N/A,تهران,تهران,512,0,1,6,0,0,0,0,0,0
41653097,#N/A,#N/A,تهران,تهران,4096,0,1,5,0,0,0,0,0,0
41653095,#N/A,#N/A,تهران,تهران,16384,0,15,6,0,0,0,0,1,0
41653093,#N/A,#N/A,تهران,تهران,1024,0,1,8,0,0,0,0,0,0
41653084,#N/A,#N/A,تهران,تهران,4096,0,2,7,0,0,0,0,0,0
41653083,#N/A,#N/A,آذربایجان شرقی,تبریز,512,0,3,7,0,0,0,0,0,0
41653080,#N/A,#N/A,تهران,تهران,1024,0,9,7,0,0,0,0,0,0
41653077,#N/A,#N/A,اصفهان,اصفهان,512,0,1,8,0,0,0,0,0,0
41653074,#N/A,#N/A,تهران,تهران,512,0,2,11,0,0,0,0,0,0
41653071,#N/A,#N/A,البرز,کرج,3072,0,1,12,0,0,0,0,0,0
41653066,#N/A,#N/A,تهران,تهران,512,0,1,7,0,0,0,0,0,0
41653053,#N/A,#N/A,تهران,تهران,512,0,2,15,0,0,1,0,0,0
41653052,#N/A,#N/A,البرز,کرج,512,0,1,4,0,0,1,0,0,0
41653050,#N/A,#N/A,تهران,تهران,8192,0,1,9,0,0,0,0,0,0
41653048,#N/A,#N/A,البرز,کرج,512,0,3,5,0,0,0,0,0,0
41653045,#N/A,#N/A,تهران,تهران,512,0,0,4,0,0,0,0,0,0
41653042,#N/A,#N/A,تهران,تهران,512,0,2,5,0,0,0,0,0,0
41653036,#N/A,#N/A,تهران,تهران,512,0,3,8,0,0,0,0,0,0
41653031,#N/A,#N/A,تهران,تهران,8192,0,2,7,0,0,0,0,0,0
41653023,#N/A,#N/A,تهران,تهران,4096,0,1,4,0,0,0,0,0,0
41653018,#N/A,#N/A,تهران,تهران,16384,0,5,4,0,0,0,0,0,0
41653017,#N/A,#N/A,تهران,تهران,512,0,2,6,0,0,1,0,0,0
41653016,#N/A,#N/A,تهران,تهران,1024,0,3,9,0,0,0,0,0,0
41653006,#N/A,#N/A,تهران,تهران,512,0,1,5,0,0,1,0,0,0
41653001,#N/A,#N/A,البرز,کرج,1024,0,1,4,0,0,0,0,0,0
41653000,#N/A,#N/A,تهران,تهران,512,0,2,6,0,0,1,0,0,0
41652999,#N/A,#N/A,تهران,تهران,1024,0,1,4,0,0,1,0,0,0
41652998,#N/A,#N/A,آذربایجان شرقی,تبریز,2048,0,6,9,0,0,0,0,0,0
41652996,#N/A,#N/A,آذربایجان شرقی,تبریز,8192,0,3,5,0,0,0,0,0,0
41652989,,,,,512,0,5,6,0,0,0,0,0,0
41652983,,,,,512,0,2,10,0,0,1,0,0,0
41652982,,,,,512,0,3,12,0,0,1,0,0,0
41652981,,,,,512,0,1,6,0,0,1,0,0,0
41649068,,,,,16384,1,4,12,0,0,0,0,0,0
41648169,,,,,8192,1,0,16,0,0,0,0,0,0
41643565,,,,,8192,1,7,5,0,0,0,0,0,0
41643339,,,,,4096,1,5,13,0,0,0,0,0,1
41641225,,,,,8192,1,10,8,0,0,0,0,1,0
41639043,,,,,1024,1,5,16,0,0,1,0,1,0
41637882,,,,,16384,1,2,11,0,0,0,0,0,0
41637792,,,,,8192,1,18,19,0,0,0,0,0,0
41635712,,,,,8192,1,0,5,0,0,0,0,0,0
41635323,,,,,8192,1,6,14,0,0,0,0,0,0
41634872,,,,,16384,1,11,18,0,0,0,0,0,0
41633045,,,,,1024,1,29,10,0,0,0,0,0,1
41632442,,,,,8192,1,6,14,0,0,0,0,0,0
41632244,,,,,2048,1,2,17,0,0,0,0,1,0
41632066,,,,,8192,1,13,8,0,0,0,0,0,0
41632058,,,,,16384,1,17,28,0,0,0,0,0,0
41631938,,,,,1024,1,2,12,0,0,0,0,0,0
41630774,,,,,2048,1,5,13,0,0,0,0,0,0
41630365,,,,,512,1,7,5,0,0,0,0,0,0
41630282,,,,,512,1,10,6,0,0,0,0,0,0
41629220,,,,,1024,1,1,17,0,0,1,0,0,0
41628974,,,,,2048,1,4,25,0,0,0,0,0,0
41628261,,,,,8192,1,8,10,0,0,0,0,0,0
41627895,,,,,4096,1,4,9,0,0,0,0,0,0
41627870,,,,,4096,1,7,12,0,0,0,0,0,0
41627238,,,,,512,1,8,12,0,0,0,0,0,0
41627041,,,,,512,1,23,9,0,0,0,0,0,0
41625544,,,,,512,1,8,8,0,0,1,0,0,0
41624948,,,,,4096,1,9,18,0,0,0,0,0,0
41624946,,,,,512,1,5,25,0,0,0,0,0,0
41624880,,,,,8192,1,3,13,0,0,0,0,0,0
41624685,,,,,512,1,6,4,0,0,0,0,0,0
41624607,,,,,512,1,2,20,0,0,1,0,0,0
41624234,,,,,4096,1,3,9,0,0,0,0,0,0
41624233,,,,,8192,1,2,10,0,0,0,0,0,0
41623795,,,,,512,1,1,6,0,0,0,0,0,0
41623692,,,,,8192,1,18,19,0,0,0,0,0,0
41623508,,,,,1024,1,5,15,0,0,0,0,0,0
41623310,,,,,512,1,9,30,0,0,0,0,0,0
41623244,,,,,512,1,1,7,0,0,0,0,0,0
41622464,,,,,512,1,1,10,0,0,0,0,0,0
41622426,,,,,1024,1,6,31,0,0,0,0,1,1
41622329,,,,,8192,1,6,8,0,0,1,0,0,0
41622172,,,,,2048,1,2,14,0,0,0,0,0,0
41622137,,,,,8192,1,5,14,0,0,0,0,0,0
41622058,,,,,16384,1,1,7,0,0,0,0,0,0
41620550,,,,,4096,1,18,35,0,0,0,0,0,0
41620479,,,,,512,1,13,7,0,0,0,0,0,0
41620173,,,,,128,1,1,2,0,0,0,0,0,0
41620170,,,,,128,1,0,3,0,0,0,0,0,0
41620168,,,,,128,1,0,3,0,0,0,0,0,0
41619932,,,,,4096,1,8,15,0,0,0,0,0,0
41619875,,,,,8192,1,13,15,0,0,0,0,0,0
41618587,,,,,512,1,5,15,0,0,0,0,1,0
41618412,,,,,512,1,1,13,0,0,0,0,0,0
41617546,,,,,8192,1,25,16,0,0,0,1,0,0
41617545,,,,,4096,1,12,12,0,0,0,0,0,0
41617018,,,,,16384,1,5,25,0,0,0,0,0,0
41616829,,,,,8192,1,3,7,0,0,0,0,0,0
41616221,,,,,16384,1,14,25,0,0,0,0,0,0
41616129,,,,,1024,1,3,33,0,0,0,0,0,0
41616097,,,,,8192,1,1,10,0,0,0,0,0,0
41616068,,,,,1024,1,2,15,0,0,1,0,0,0
41615828,,,,,2048,1,5,12,0,0,0,0,0,0
41615470,,,,,4096,1,3,22,0,0,0,0,0,0
41615331,,,,,1024,1,1,12,0,0,0,0,0,0
41615227,,,,,128,1,0,3,0,0,0,0,0,0
41615196,,,,,8192,1,2,19,0,0,0,0,0,0
41614426,,,,,2048,1,22,15,0,0,0,0,0,0
41614305,,,,,16384,1,6,20,0,0,0,0,0,0
41613610,,,,,8192,1,1,15,0,0,0,0,1,0
41613608,,,,,16384,1,6,16,0,0,0,0,0,0
41613566,,,,,8192,1,2,14,0,0,0,0,0,0
41613429,,,,,8192,1,7,12,0,0,0,0,0,0
41613414,,,,,16384,1,2,19,0,0,0,0,0,0
41613364,,,,,2048,1,6,21,0,0,0,0,0,0
41613293,,,,,4096,1,1,9,0,0,0,0,0,0
41613292,,,,,8192,1,1,21,0,0,0,0,0,0
41612964,,,,,4096,1,4,21,0,0,0,0,0,0
41612942,,,,,16384,1,6,21,0,0,0,0,0,0
41612911,,,,,8192,1,3,12,0,0,0,0,0,0
41612900,,,,,16384,1,7,11,0,0,0,0,2,1
41612828,,,,,512,1,8,17,0,0,0,0,0,0
41612818,,,,,8192,1,3,16,0,0,0,0,0,0
41612772,,,,,16384,1,1,10,0,0,0,0,0,0
41612605,,,,,4096,1,4,17,0,0,0,0,0,0
41612589,,,,,8192,1,5,11,0,0,0,0,0,0
41612479,,,,,1024,1,15,21,0,0,0,0,1,0
41612452,,,,,8192,1,5,7,0,0,0,0,0,0
41612394,,,,,16384,1,6,12,0,0,0,0,0,0
41612315,,,,,8192,1,3,7,0,0,0,0,0,0
41612059,,,,,512,1,5,13,0,0,0,0,0,0
41612034,,,,,4096,1,1,14,0,0,0,0,0,0
41611939,,,,,2048,1,1,9,0,0,0,0,0,0
41611818,,,,,2048,1,23,23,0,0,0,0,0,0
41611776,,,,,4096,1,2,9,1,0,0,0,0,0
41611746,,,,,2048,1,5,22,0,0,0,0,0,0
41611654,,,,,4096,1,3,18,0,0,0,0,0,0
41611387,,,,,4096,1,3,7,0,0,0,0,0,0
41611071,,,,,2048,1,14,9,0,0,0,0,0,0
41610999,,,,,16384,1,7,20,0,0,0,0,0,0
41610961,,,,,8192,1,5,15,0,0,0,0,0,0
41610888,,,,,2048,1,17,24,0,0,0,0,0,0
41610841,,,,,16384,1,3,18,0,0,0,0,0,0
41610728,,,,,4096,1,2,9,0,0,0,0,0,1
41610686,,,,,16384,1,15,13,0,0,0,0,0,0
41610648,,,,,8192,1,1,6,0,0,0,0,0,0
41610611,,,,,16384,1,2,14,0,0,0,0,0,0
41610530,,,,,2048,1,15,14,0,0,0,0,0,0
41610504,,,,,8192,1,16,21,0,0,0,0,1,0
41610298,,,,,4096,1,1,6,0,0,0,0,0,0
41610040,,,,,16384,1,7,16,0,0,0,0,0,0
41609998,,,,,2048,1,1,8,0,0,0,0,0,0
41609943,,,,,1024,1,0,13,0,0,0,0,0,0
41609906,,,,,8192,1,13,10,0,0,0,0,0,0
41609894,,,,,2048,1,0,15,0,0,0,0,0,0
41609771,,,,,8192,1,4,14,0,0,0,0,0,0
41609728,,,,,2048,1,15,12,0,0,0,0,0,0
41609724,,,,,8192,1,5,13,0,0,0,0,0,0
41609586,,,,,8192,1,0,7,0,0,0,0,0,0
41609554,,,,,2048,1,2,20,0,0,0,0,0,1
41609548,,,,,512,1,4,11,0,1,0,0,0,0
41609428,,,,,512,1,1,16,0,1,0,0,0,0
41609361,,,,,8192,1,5,5,0,0,0,0,0,0
41609315,,,,,8192,1,3,10,0,0,0,0,0,0
41609063,,,,,8192,1,3,12,0,0,0,0,0,0
41609046,,,,,4096,1,4,8,0,0,0,0,0,0
41608937,,,,,8192,1,3,19,0,0,0,0,0,0
41608624,,,,,16384,1,5,13,0,0,1,0,0,0
41608521,,,,,4096,1,3,15,0,0,0,0,0,0
41606455,,,,,4096,1,3,14,0,0,0,0,0,0
41606409,,,,,16384,1,5,14,0,0,0,0,0,0
41606372,,,,,8192,1,9,7,0,0,0,0,0,0
41606244,,,,,4096,1,32,11,0,0,0,0,0,0
41606239,,,,,8192,1,4,20,0,0,0,0,0,0
41604890,,,,,8192,1,7,13,0,0,0,0,0,0
41604863,,,,,2048,1,7,13,0,0,0,0,0,0
41604615,,,,,4096,1,2,6,0,0,0,0,0,0
41604609,,,,,8192,1,11,8,0,0,0,0,0,0
41604573,,,,,16384,1,1,11,0,0,0,0,0,0
41604566,,,,,1024,1,2,18,0,0,0,0,0,0
41604551,,,,,2048,1,2,13,0,0,0,0,0,0
41604543,,,,,2048,1,1,9,0,0,0,0,0,0
41604492,,,,,4096,1,1,14,0,0,0,0,0,0
41604437,,,,,8192,1,3,24,0,0,0,0,0,0
41604418,,,,,8192,1,3,12,0,0,0,0,0,0
41604293,,,,,8192,1,2,9,0,0,0,0,0,0
41604186,,,,,512,1,1,11,0,0,0,0,0,0
41604159,,,,,8192,1,4,6,0,0,0,0,0,0
41604138,,,,,8192,1,0,13,0,0,0,0,0,0
41604092,,,,,8192,1,18,18,0,0,0,0,0,0
41603988,,,,,1024,1,21,21,0,0,0,0,1,0
41603896,,,,,16384,1,1,18,0,0,0,0,0,0
41603846,,,,,8192,1,3,18,0,0,0,0,0,0
41603821,,,,,16384,1,4,11,0,0,0,0,0,0
41603767,,,,,2048,1,13,14,0,0,0,0,0,0
41603732,,,,,1024,1,1,12,0,0,0,0,0,0
41603721,,,,,16384,1,4,15,0,0,0,0,0,0
41603675,,,,,1024,1,5,42,0,0,0,0,0,0
41603642,,,,,8192,1,5,14,0,0,0,0,0,0
41603581,,,,,16384,1,3,13,0,0,0,0,0,0
41603452,,,,,16384,1,3,13,0,0,0,0,0,0
41603268,,,,,1024,1,0,24,0,0,0,0,0,0
41603123,,,,,8192,1,3,18,0,0,1,0,0,0
41603095,,,,,4096,1,6,14,0,0,0,0,0,1
41602874,,,,,8192,1,1,18,0,0,0,0,0,0
41602781,,,,,8192,1,1,15,0,0,0,0,0,0
41601419,,,,,2048,1,2,10,0,0,0,0,0,0
41601401,,,,,8192,1,1,13,0,0,0,0,1,5
41601274,,,,,1024,1,3,8,0,0,0,0,0,0
41601151,,,,,2048,1,3,25,0,0,1,0,0,2
41600993,,,,,4096,1,15,24,0,0,0,0,0,0
41600905,,,,,512,1,2,7,0,0,0,0,0,0
41600848,,,,,4096,1,2,7,0,0,0,0,0,0
41600822,,,,,16384,1,10,13,0,0,0,0,0,0
41600783,,,,,2048,1,19,13,0,0,0,0,0,0
41600781,,,,,8192,1,7,18,0,0,0,0,0,0
41600451,,,,,8192,1,29,9,0,0,0,0,0,0
41600405,,,,,8192,1,14,9,0,0,0,0,1,0
41600186,,,,,2048,1,3,28,0,0,0,0,1,0
41600156,,,,,2048,1,3,16,0,0,0,0,0,0
41600026,,,,,4096,1,1,13,0,0,0,0,0,0
41599987,,,,,16384,1,1,13,0,0,0,0,0,0
41599980,,,,,8192,1,4,10,0,0,0,0,0,0
41599892,,,,,8192,1,3,7,0,0,0,0,0,0
41599701,,,,,8192,1,8,22,0,0,1,0,0,0
41599674,,,,,4096,1,6,14,0,0,0,0,0,0
41599652,,,,,4096,1,2,6,0,0,0,0,0,0
41599614,,,,,4096,1,1,16,0,0,0,0,0,0
41599579,,,,,1024,1,2,11,0,0,0,0,0,0
41599553,,,,,2048,1,1,15,0,0,0,0,0,0
41599438,,,,,16384,1,8,12,0,0,0,0,0,0
41599414,,,,,16384,1,25,34,0,0,0,0,0,0
41599247,,,,,8192,1,1,10,0,0,0,0,0,0
41599199,,,,,128,1,0,3,0,0,0,0,0,0
41599197,,,,,128,1,0,4,0,0,0,0,0,0
41599193,,,,,128,1,0,9,0,0,0,0,0,0
41599052,,,,,8192,1,2,18,0,0,0,0,0,0
41598805,,,,,2048,1,1,8,0,0,0,0,0,0
41598767,,,,,1024,1,0,13,0,0,0,0,0,0
41598758,,,,,8192,1,3,11,0,0,0,0,0,0
41598703,,,,,2048,1,0,18,0,0,0,0,0,0
41598637,,,,,8192,1,6,23,0,0,0,0,0,0
41598619,,,,,8192,1,6,9,0,0,0,0,0,0
41598593,,,,,8192,1,6,10,0,0,0,0,0,0
41598565,,,,,16384,1,3,17,0,0,0,0,0,0
41598561,,,,,1024,1,2,14,0,0,0,0,0,0
41598418,,,,,8192,1,4,14,0,0,0,0,0,0
41598398,,,,,2048,1,1,12,0,0,0,0,0,0
41598288,,,,,8192,1,20,13,0,0,0,0,0,0
41598171,,,,,1024,1,15,23,0,0,0,0,0,0
41598162,,,,,8192,1,1,17,0,0,0,0,0,0
41597989,,,,,1024,1,9,10,0,0,0,0,0,0
41597796,,,,,8192,1,8,16,0,0,0,1,0,0
41597661,,,,,2048,1,3,11,0,0,0,0,0,0
41597555,,,,,4096,1,1,13,0,0,0,0,0,0
41597526,,,,,8192,1,3,12,0,0,0,0,0,0
41597512,,,,,2048,1,4,10,0,0,0,0,0,0
41597368,,,,,8192,1,7,8,0,0,0,0,0,0
41597364,,,,,1024,1,3,10,0,0,0,0,0,0
41597349,,,,,8192,1,2,13,0,0,0,0,0,0
41597237,,,,,8192,1,0,15,0,0,0,0,0,0
41596962,,,,,16384,1,15,17,0,0,0,0,0,0
41596936,,,,,8192,1,49,18,0,0,0,0,0,0
41596774,,,,,8192,1,5,8,0,0,0,0,0,0
41596699,,,,,4096,1,22,16,0,0,0,0,0,0
41596630,,,,,8192,1,3,13,0,0,0,0,0,0
41596553,,,,,4096,1,5,11,1,0,0,0,0,0
41596494,,,,,16384,1,1,13,0,0,0,0,0,0
41596389,,,,,16384,1,7,10,1,0,0,0,0,0
41596277,,,,,8192,1,0,13,0,0,0,0,0,0
41596086,,,,,4096,1,2,17,0,0,0,0,0,0
41595950,,,,,8192,1,2,10,0,0,0,0,0,0
41595884,,,,,16384,1,16,13,0,0,0,0,0,0
41595815,,,,,8192,1,4,11,0,0,0,0,0,0
41595769,,,,,3072,1,0,12,0,0,0,0,0,0
41595702,,,,,2048,1,5,12,0,0,0,0,0,0
41595701,,,,,8192,1,7,18,0,0,0,0,0,0
41595640,,,,,8192,1,3,9,0,0,0,0,0,0
41595618,,,,,8192,1,1,9,0,0,0,0,0,0
41595576,,,,,8192,1,6,17,0,0,0,0,0,0
41595442,,,,,1024,1,2,14,0,0,0,0,0,0
41595407,,,,,2048,1,2,16,0,0,0,0,0,0
41595313,,,,,8192,1,7,16,0,0,0,0,0,0
41595311,,,,,1024,1,6,7,0,0,0,0,0,0
41595258,,,,,8192,1,1,15,0,0,0,0,0,0
41595245,,,,,4096,1,3,9,0,0,0,0,0,0
41594933,,,,,512,1,8,21,0,0,0,0,0,0
41594931,,,,,2048,1,3,10,0,0,0,0,0,0
41594868,,,,,16384,1,4,10,0,0,0,0,0,0
41594727,,,,,8192,1,6,12,0,0,0,0,0,0
41594423,,,,,8192,1,3,7,0,0,0,0,0,0
41594416,,,,,8192,1,2,13,0,0,0,0,0,0
41594406,,,,,4096,1,1,17,0,0,0,0,0,0
41594361,,,,,16384,1,2,15,0,0,0,0,0,0
41594129,,,,,2048,1,2,12,0,0,0,0,0,0
41594095,,,,,8192,1,8,17,0,0,0,0,0,0
41594016,,,,,4096,1,7,28,0,0,0,0,0,0
41594007,,,,,16384,1,1,10,0,0,0,0,0,0
41593952,,,,,8192,1,9,24,0,0,0,0,0,0
41593910,,,,,16384,1,6,7,0,0,0,0,0,0
41593884,,,,,8192,1,1,15,0,0,1,0,0,0
41593879,,,,,8192,1,1,24,0,0,0,0,0,0
41593773,,,,,4096,1,7,10,0,0,0,0,0,0
41593644,,,,,8192,1,2,23,0,0,0,0,0,0
41593620,,,,,4096,1,9,18,0,0,0,0,0,0
41593579,,,,,1024,1,7,22,0,0,0,0,0,0
41593562,,,,,1024,1,1,20,0,0,0,0,0,0
41593521,,,,,8192,1,5,15,0,0,0,0,0,0
41593419,,,,,8192,1,6,19,0,0,0,0,0,0
41593372,,,,,8192,1,0,16,0,0,0,0,0,0
41593337,,,,,4096,1,1,8,0,0,1,0,0,0
41593270,,,,,8192,1,14,10,0,0,0,0,1,0
41593189,,,,,2048,1,2,8,0,0,0,0,0,0
41593014,,,,,8192,1,11,28,0,0,0,0,0,0
41592992,,,,,8192,1,5,9,0,0,0,0,0,0
41592948,,,,,2048,1,14,28,0,0,0,0,0,0
41592832,,,,,1024,1,2,8,0,0,0,0,0,0
41592798,,,,,4096,1,1,10,0,0,0,0,0,0
41592710,,,,,16384,1,3,13,0,0,0,0,0,0
41592594,,,,,8192,1,18,10,0,0,0,0,0,0
41592443,,,,,16384,1,4,10,0,0,0,0,0,0
41592437,,,,,16384,1,9,24,0,0,0,0,0,0
41592397,,,,,2048,1,5,19,0,0,0,0,0,0
41592298,,,,,8192,1,10,9,0,0,0,0,0,0
41592111,,,,,16384,1,0,16,0,0,0,0,0,0
41592105,,,,,8192,1,37,12,0,0,0,0,0,0
41592095,,,,,4096,1,5,14,0,0,0,0,0,0
41592012,,,,,512,1,6,12,0,0,0,1,0,0
41591738,,,,,512,1,3,9,0,0,1,0,0,0
41591670,,,,,8192,1,2,13,0,0,0,0,0,0
41591603,,,,,16384,1,4,11,0,0,0,0,0,0
41591548,,,,,4096,1,2,22,0,0,0,0,0,0
41591539,,,,,2048,1,5,19,0,0,0,0,0,0
41591440,,,,,2048,1,1,13,0,0,0,0,0,0
41591353,,,,,8192,1,3,6,0,0,0,0,0,0
41591332,,,,,16384,1,4,10,0,0,0,0,0,0
41591315,,,,,8192,1,6,3,0,0,0,0,0,0
41591312,,,,,8192,1,5,18,0,0,0,0,0,0
41591307,,,,,512,1,3,9,0,0,1,1,0,0
41591302,,,,,8192,1,4,8,0,0,0,0,0,0
41591283,,,,,4096,1,5,11,0,0,0,0,0,0
41591105,,,,,8192,1,11,15,0,0,0,0,1,0
41591066,,,,,1024,1,31,39,0,0,0,0,0,2
41591059,,,,,8192,1,6,10,0,0,0,0,0,0
41591014,,,,,8192,1,7,12,0,0,0,0,0,0
41590898,,,,,8192,1,3,9,0,0,0,0,0,0
41590862,,,,,8192,1,4,6,0,0,0,0,0,0
41590797,,,,,2048,1,2,14,0,0,0,0,0,0
41590789,,,,,8192,1,3,32,0,0,0,0,0,0
41590697,,,,,4096,1,2,19,0,0,0,0,1,0
41590557,,,,,8192,1,8,9,0,0,0,0,0,0
41590539,,,,,512,1,2,19,0,0,0,0,0,0
41590515,,,,,8192,1,8,19,0,0,0,0,0,0
41590414,,,,,8192,1,3,22,0,0,0,0,0,0
41590382,,,,,8192,1,6,18,0,0,0,0,0,0
41590367,,,,,8192,1,7,17,0,0,0,0,0,0
41590345,,,,,2048,1,1,22,0,0,0,0,0,0
41590344,,,,,8192,1,8,13,0,0,0,0,0,0
41590303,,,,,1024,1,7,13,0,0,0,0,0,0
41590249,,,,,2048,1,2,10,0,0,0,0,0,0
41590109,,,,,4096,1,2,11,0,0,0,0,0,0
41590074,,,,,8192,1,2,23,0,0,0,0,0,0
41590015,,,,,2048,1,3,19,0,0,0,0,0,0
41589998,,,,,8192,1,5,6,0,0,1,0,0,0
41589992,,,,,16384,1,1,16,0,0,0,0,0,0
41589989,,,,,16384,1,9,11,0,0,0,0,0,0
41589846,,,,,512,1,2,18,0,0,0,0,0,0
41589835,,,,,4096,1,4,11,0,0,1,0,0,0
41589714,,,,,512,1,7,11,0,0,1,0,0,0
41589683,,,,,4096,1,2,6,0,0,0,0,0,0
41589651,,,,,4096,1,4,12,0,0,0,0,0,0
41589489,,,,,8192,1,1,9,0,0,0,0,0,0
41589460,,,,,1024,1,2,10,0,0,0,0,0,0
41589403,,,,,8192,1,4,5,0,0,0,0,0,0
41589392,,,,,4096,1,7,11,0,0,0,0,0,0
41589166,,,,,16384,1,3,15,0,0,0,0,0,0
41589149,,,,,8192,1,1,8,0,0,0,0,0,0
41589104,,,,,2048,1,1,15,0,0,0,0,0,0
41589030,,,,,2048,1,2,18,0,0,0,0,0,0
41589008,,,,,4096,1,4,13,0,0,0,0,0,0
41588937,,,,,2048,1,1,10,0,0,0,0,0,0
41588824,,,,,2048,1,2,7,0,0,0,0,0,0
41588810,,,,,8192,1,8,20,0,0,0,0,0,0
41588772,,,,,8192,1,7,13,0,0,0,0,0,0
41588742,,,,,4096,1,2,12,0,0,0,0,0,0
41588733,,,,,8192,1,1,11,0,0,0,0,0,0
41588731,,,,,2048,1,2,10,1,0,0,0,0,0
41588721,,,,,8192,1,2,22,0,0,0,0,0,0
41588655,,,,,8192,1,3,9,0,0,0,0,0,0
41588626,,,,,512,1,12,17,0,0,0,0,0,0
41588580,,,,,128,1,0,2,0,0,0,0,0,0
41588561,,,,,2048,1,17,11,0,0,0,0,0,0
41588557,,,,,8192,1,0,8,0,0,0,0,0,0
41588545,,,,,16384,1,5,14,0,0,0,0,0,0
41588525,,,,,1024,1,2,10,0,0,0,0,0,0
41588513,,,,,2048,1,4,11,0,0,1,0,0,0
41588480,,,,,16384,1,8,31,0,0,0,0,0,0
41588476,,,,,4096,1,2,10,0,0,1,0,0,0
41588416,,,,,512,1,2,21,0,0,0,0,0,0
41588407,,,,,4096,1,3,19,0,0,0,0,0,0
41588337,,,,,16384,1,7,11,0,0,0,0,0,0
41588325,,,,,8192,1,3,13,0,0,0,0,0,0
41588300,,,,,16384,1,5,8,1,0,0,0,0,0
41588266,,,,,8192,1,26,12,0,0,0,0,0,0
41588262,,,,,8192,1,1,10,0,0,0,0,0,0
41588214,,,,,8192,1,1,14,0,0,1,0,0,0
41588213,,,,,512,1,3,20,0,0,0,0,0,0
41588146,,,,,8192,1,2,20,0,0,0,0,0,0
41588139,,,,,16384,1,3,12,0,0,0,0,0,0
41588135,,,,,2048,1,10,18,0,0,0,0,0,0
41588111,,,,,512,1,7,13,0,0,1,0,0,0
41588102,,,,,8192,1,4,9,0,0,0,0,0,0
41588084,,,,,8192,1,4,13,0,0,0,0,0,0
41588023,,,,,8192,1,4,11,0,0,1,0,0,0
41588001,,,,,8192,1,19,21,0,0,0,0,0,0
41587940,,,,,8192,1,6,11,0,0,0,0,0,0
41587912,,,,,4096,1,6,11,0,0,0,0,1,0
41587907,,,,,8192,1,17,17,0,0,0,0,0,0
41587869,,,,,8192,1,6,11,0,0,0,0,0,0
41587866,,,,,512,1,10,11,0,0,1,0,0,0
41587844,,,,,8192,1,2,17,0,0,0,0,0,0
41587831,,,,,2048,1,5,11,0,0,0,0,1,0
41587830,,,,,4096,1,2,9,0,0,0,0,0,0
41587819,,,,,8192,1,1,11,0,0,0,0,0,0
41587790,,,,,8192,1,2,12,0,0,0,0,0,0
41587778,,,,,8192,1,5,10,0,0,0,0,0,0
41587691,,,,,512,1,2,26,0,0,0,0,0,0
41587666,,,,,128,1,0,2,0,0,0,0,0,0
41587658,,,,,2048,1,2,21,0,0,0,0,0,0
41587627,,,,,2048,1,9,6,0,0,0,0,0,0
41587601,,,,,4096,1,3,23,0,0,0,0,1,0
41587573,,,,,8192,1,1,8,0,0,0,0,0,0
41587511,,,,,4096,1,4,15,0,0,0,0,0,0
41587482,,,,,4096,1,2,26,0,0,0,0,0,0
41587435,,,,,8192,1,12,6,0,0,0,0,1,0
41587428,,,,,8192,1,6,15,0,0,0,0,0,0
41587376,,,,,2048,1,14,7,0,0,0,0,0,0
41587331,,,,,16384,1,2,7,0,0,0,0,0,0
41587293,,,,,512,1,6,41,0,0,0,0,0,0
41587256,,,,,8192,1,2,16,0,0,0,0,0,0
41587228,,,,,8192,1,5,10,0,0,0,0,0,0
41587221,,,,,2048,1,2,5,0,0,0,0,0,0
41587197,,,,,16384,1,2,16,0,0,0,0,0,0
41587176,,,,,2048,1,3,19,0,0,1,0,0,0
41587167,,,,,8192,1,25,12,1,0,0,0,0,0
41587157,,,,,8192,1,6,16,0,0,0,0,0,0
41587156,,,,,4096,1,1,12,0,0,0,0,0,0
41587149,,,,,16384,1,10,16,0,0,0,0,0,0
41587112,,,,,4096,1,1,13,0,0,0,0,0,0
41587066,,,,,8192,1,1,8,0,0,0,0,0,0
41587045,,,,,4096,1,3,6,0,0,0,0,0,0
41587035,,,,,2048,1,3,18,0,0,0,0,0,0
41587018,,,,,16384,1,2,20,1,0,0,0,0,0
41587009,,,,,8192,1,2,11,0,0,0,0,0,0
41587000,,,,,4096,1,9,20,0,0,0,0,0,0
41586983,,,,,512,1,1,9,0,0,0,0,0,0
41586968,,,,,3072,1,1,10,0,0,0,0,0,0
41586912,,,,,4096,1,2,20,1,0,0,0,0,0
41586881,,,,,8192,1,7,15,0,0,0,0,0,0
41586866,,,,,8192,1,5,17,0,0,0,0,1,0
41586828,,,,,16384,1,2,8,0,0,0,0,0,0
41586819,,,,,512,1,13,8,0,0,0,0,0,0
41586804,,,,,8192,1,2,10,0,0,0,0,0,0
41586678,,,,,512,1,2,14,0,0,0,0,0,0
41586618,,,,,8192,1,7,10,0,0,0,0,0,0
41586595,,,,,4096,1,0,16,0,0,0,0,0,0
41586587,,,,,16384,1,2,9,0,0,1,0,0,0
41586562,,,,,8192,1,1,11,0,0,0,0,0,0
41586544,,,,,8192,1,2,9,0,0,0,0,0,0
41586521,,,,,8192,1,5,15,0,0,0,0,0,0
41586422,,,,,8192,1,0,9,0,0,0,0,0,0
41586381,,,,,2048,1,0,15,0,0,0,0,0,0
41586349,,,,,8192,1,1,10,0,0,0,0,0,0
41586272,,,,,8192,1,3,15,0,0,1,0,0,0
41586237,,,,,512,1,2,7,0,0,0,0,0,0
41586225,,,,,8192,1,19,14,0,0,0,0,1,0
41586204,,,,,8192,1,9,13,0,0,0,0,0,0
41586198,,,,,8192,1,3,16,0,0,1,0,0,0
41586159,,,,,4096,1,14,11,0,0,0,0,0,0
41586119,,,,,8192,1,3,10,0,0,0,0,0,0
41586077,,,,,1024,1,15,12,0,0,0,0,0,0
41586025,,,,,8192,1,14,8,0,0,0,0,0,0
41586023,,,,,8192,1,1,9,0,0,0,0,0,0
41586017,,,,,8192,1,16,15,0,0,0,0,0,0
41585833,,,,,8192,1,2,11,0,0,1,1,0,0
41585816,,,,,8192,1,1,7,0,0,0,0,0,0
41585753,,,,,2048,1,3,10,0,0,0,0,0,0
41585746,,,,,8192,1,5,13,0,0,0,0,0,0
41585739,,,,,3072,1,4,8,0,0,0,0,0,0
41585685,,,,,2048,1,13,25,0,0,0,0,0,0
41585659,,,,,2048,1,4,23,0,0,0,0,0,0
41585639,,,,,8192,1,2,18,0,0,0,0,0,0
41585597,,,,,8192,1,5,12,0,0,0,0,0,0
41585469,,,,,8192,1,4,10,0,0,0,0,0,0
41585446,,,,,8192,1,5,9,0,0,0,0,0,0
41585440,,,,,8192,1,2,11,0,0,0,0,0,0
41585419,,,,,8192,1,1,10,0,0,0,0,0,0
41585369,,,,,16384,1,1,7,0,0,0,0,0,0
41585357,,,,,2048,1,3,10,0,0,0,0,0,0
41585261,,,,,2048,1,1,11,0,0,0,0,0,0
41585232,,,,,16384,1,2,13,0,0,0,0,0,0
41585196,,,,,8192,1,2,10,0,0,0,0,0,0
41584972,,,,,16384,1,10,25,0,0,0,0,0,0
41584936,,,,,8192,1,3,22,0,0,0,0,0,0
41584875,,,,,8192,1,7,20,0,0,0,0,0,0
41584794,,,,,8192,1,6,15,0,0,1,0,0,0
41584727,,,,,8192,1,6,13,0,0,0,0,0,0
41584691,,,,,4096,1,5,11,0,0,0,0,0,0
41584665,,,,,8192,1,4,9,0,0,0,0,0,0
41584664,,,,,2048,1,7,19,0,0,0,0,0,0
41584651,,,,,512,1,16,19,0,0,1,1,0,0
41584635,,,,,8192,1,1,9,0,0,0,0,0,0
41584628,,,,,2048,1,4,11,0,0,0,0,2,0
41584511,,,,,8192,1,5,13,0,0,0,0,0,0
41584467,,,,,8192,1,3,11,0,0,0,0,0,0
41584434,,,,,8192,1,4,8,0,0,0,0,0,0
41584339,,,,,16384,1,1,19,0,0,0,0,0,0
41584300,,,,,2048,1,3,8,0,0,0,0,0,0
41584216,,,,,2048,1,3,18,0,0,0,0,0,0
41584202,,,,,4096,1,8,4,0,0,0,0,0,0
41584069,,,,,8192,1,1,9,0,0,0,0,0,0
41584042,,,,,2048,1,1,11,0,0,0,0,0,0
41584038,,,,,8192,1,1,18,0,0,0,0,0,0
41584008,,,,,8192,1,3,12,0,0,0,0,0,0
41583988,,,,,16384,1,6,32,0,0,0,0,0,0
41583895,,,,,8192,1,5,13,0,0,0,0,0,0
41583890,,,,,512,1,1,24,0,0,0,0,0,0
41583811,,,,,2048,1,1,21,0,0,0,0,0,0
41583741,,,,,8192,1,5,14,0,0,0,0,0,0
41583694,,,,,8192,1,3,14,0,0,0,0,1,0
41583687,,,,,4096,1,2,17,0,0,0,0,0,0
41583669,,,,,16384,1,2,7,0,0,0,0,0,0
41583598,,,,,16384,1,8,5,0,0,0,0,0,0
41583595,,,,,2048,1,2,28,1,0,0,0,0,0
41583575,,,,,16384,1,4,9,0,0,0,0,0,0
41583567,,,,,16384,1,5,11,0,0,0,0,0,0
41583556,,,,,8192,1,1,6,0,0,0,0,0,0
41583550,,,,,16384,1,0,18,0,0,0,0,0,0
41583530,,,,,8192,1,13,43,0,0,0,0,0,0
41583506,,,,,8192,1,11,16,0,0,0,0,1,0
41583485,,,,,2048,1,1,22,1,0,0,0,0,0
41583461,,,,,8192,1,3,8,0,0,0,0,0,0
41583389,,,,,4096,1,13,18,0,0,0,0,0,0
41583358,,,,,3072,1,4,10,0,0,0,0,0,0
41583349,,,,,8192,1,5,9,0,0,0,0,2,0
41583257,,,,,4096,1,9,19,0,0,0,0,1,0
41583209,,,,,8192,1,5,19,0,0,0,0,0,0
41583127,,,,,8192,1,2,10,0,0,0,0,0,0
41583121,,,,,2048,1,2,20,0,0,0,0,0,0
41583097,,,,,2048,1,4,7,0,0,0,0,0,0
41583095,,,,,2048,1,7,33,0,0,0,0,1,0
41583068,,,,,4096,1,3,6,0,0,0,0,0,0
41583066,,,,,8192,1,9,11,0,0,0,0,0,0
41583052,,,,,8192,1,1,11,0,0,0,1,0,0
41583019,,,,,8192,1,17,10,0,0,0,0,0,0
41583017,,,,,8192,1,4,18,0,0,0,1,0,0
41582998,,,,,8192,1,5,16,0,0,0,0,0,0
41582997,,,,,2048,1,13,14,0,0,0,0,0,0
41582954,,,,,8192,1,10,21,0,0,0,0,0,0
41582897,,,,,8192,1,5,12,0,0,0,0,0,0
41582880,,,,,8192,1,4,23,0,0,0,0,0,0
41582841,,,,,8192,1,4,7,0,0,0,0,0,0
41582825,,,,,4096,1,1,17,0,0,0,0,0,0
41582817,,,,,512,1,10,16,0,0,0,0,0,0
41582808,,,,,4096,1,2,8,0,0,0,0,0,0
41582621,,,,,8192,1,2,18,0,0,0,0,0,0
41582601,,,,,2048,1,2,9,0,0,0,0,0,0
41582555,,,,,4096,1,5,20,0,0,0,0,0,0
41582470,,,,,8192,1,7,9,0,0,0,0,0,0
41582458,,,,,2048,1,2,15,0,0,0,0,0,0
41582456,,,,,8192,1,5,28,0,0,0,0,0,0
41582403,,,,,8192,1,4,8,0,0,1,1,0,0
41582317,,,,,1024,1,8,15,0,0,0,0,0,0
41582280,,,,,8192,1,2,13,0,0,1,0,0,0
41582276,,,,,8192,1,2,26,0,0,0,0,1,0
41582261,,,,,128,1,0,3,0,0,0,0,0,0
41582231,,,,,4096,1,8,7,0,0,0,0,0,0
41582201,,,,,16384,1,0,14,0,0,0,0,0,0
41582186,,,,,8192,1,16,3,0,0,0,0,0,0
41582156,,,,,4096,1,5,17,0,0,0,0,0,0
41582133,,,,,4096,1,15,6,0,0,0,0,0,0
41582127,,,,,8192,1,4,14,0,0,0,0,0,0
41582081,,,,,4096,1,5,8,0,0,0,0,0,0
41582071,,,,,4096,1,2,34,0,0,1,0,0,0
41582027,,,,,4096,1,1,18,0,0,0,0,0,0
41581970,,,,,8192,1,3,16,0,0,0,0,0,0
41581966,,,,,8192,1,3,10,0,0,0,0,0,0
41581929,,,,,4096,1,6,15,0,0,0,0,0,0
41581902,,,,,16384,1,2,17,0,0,0,0,0,0
41581856,,,,,16384,1,3,16,0,0,0,0,2,1
41581828,,,,,2048,1,2,35,0,0,0,0,0,0
41581753,,,,,1024,1,8,40,0,0,0,0,0,0
41581751,,,,,4096,1,2,18,0,0,0,0,0,0
41581737,,,,,8192,1,1,11,0,0,0,0,0,0
41581715,,,,,8192,1,1,11,0,0,0,0,0,0
41581688,,,,,8192,1,5,14,0,0,0,0,0,0
41581686,,,,,4096,1,3,5,0,0,0,0,0,0
41581616,,,,,8192,1,8,7,0,0,0,0,0,0
41581602,,,,,16384,1,4,25,0,0,0,0,0,0
41581584,,,,,16384,1,6,22,0,0,0,0,0,0
41581573,,,,,4096,1,3,7,0,0,0,0,0,0
41581533,,,,,8192,1,3,12,0,0,0,0,0,0
41581504,,,,,1024,1,3,9,0,0,0,0,0,0
41581482,,,,,8192,1,3,9,0,0,0,0,0,0
41581448,,,,,8192,1,3,15,0,0,0,0,0,0
41581411,,,,,8192,1,0,14,0,0,0,0,0,0
41581366,,,,,2048,1,0,7,0,0,0,0,0,0
41581312,,,,,4096,1,2,5,0,0,0,0,0,0
41581274,,,,,8192,1,1,19,0,0,0,0,1,0
41581246,,,,,8192,1,3,10,0,0,0,0,0,0
41581245,,,,,8192,1,3,20,0,0,1,0,0,0
41581176,,,,,8192,1,6,13,0,0,0,0,0,0
41581146,,,,,8192,1,4,18,0,0,0,0,0,0
41581039,,,,,2048,1,4,5,0,0,0,0,0,0
41580969,,,,,512,1,35,20,0,0,1,0,0,0
41580938,,,,,8192,1,4,9,0,0,0,0,0,0
41580912,,,,,8192,1,4,12,0,0,0,0,0,0
41580885,,,,,8192,1,2,11,0,0,1,0,0,0
41580810,,,,,4096,1,4,19,0,0,0,0,1,0
41580754,,,,,8192,1,4,14,0,0,0,0,0,0
41580730,,,,,8192,1,6,14,0,0,0,0,0,0
41580720,,,,,8192,1,21,9,0,0,0,0,0,0
41580677,,,,,2048,1,1,31,0,0,0,0,2,0
41580611,,,,,16384,1,8,11,0,0,0,0,0,0
41580535,,,,,512,1,8,23,0,0,0,0,0,0
41580454,,,,,16384,1,9,12,0,0,0,0,0,0
41580360,,,,,2048,1,4,15,0,0,1,0,0,0
41580342,,,,,8192,1,7,14,0,0,0,0,0,0
41580315,,,,,4096,1,32,24,0,0,0,0,0,0
41580303,,,,,2048,1,2,31,0,0,0,0,0,0
41580279,,,,,8192,1,5,11,0,0,1,0,0,0
41580264,,,,,8192,1,4,19,0,0,0,0,0,0
41580209,,,,,8192,1,5,21,0,0,0,0,0,0
41580198,,,,,2048,1,3,31,0,0,0,0,0,0
41580169,,,,,1024,1,1,9,0,0,0,0,0,0
41580122,,,,,4096,1,7,15,0,0,0,0,0,0
41580083,,,,,8192,1,12,16,0,0,0,0,0,0
41580070,,,,,8192,1,2,26,0,0,0,0,0,0
41580056,,,,,4096,1,6,15,0,0,0,0,0,0
41580020,,,,,8192,1,4,12,0,0,0,0,0,0
41580001,,,,,2048,1,1,11,0,0,0,0,0,0
41579980,,,,,8192,1,4,13,0,0,0,0,0,0
41579947,,,,,2048,1,3,9,1,0,0,0,0,0
41579903,,,,,8192,1,1,11,0,0,0,0,0,0
41579883,,,,,8192,1,12,11,0,0,1,0,0,0
41579844,,,,,2048,1,10,37,0,0,0,0,0,0
41579807,,,,,8192,1,3,20,0,0,0,0,0,1
41579768,,,,,4096,1,1,11,0,0,0,0,0,0
41579729,,,,,512,1,4,9,0,0,0,0,0,0
41579705,,,,,2048,1,6,14,0,0,0,0,0,0
41579682,,,,,512,1,8,32,0,0,0,0,1,0
41579644,,,,,8192,1,16,10,0,0,0,0,0,0
41579525,,,,,8192,1,10,20,0,0,1,0,0,0
41579506,,,,,4096,1,3,11,0,0,0,0,0,0
41579477,,,,,4096,1,2,13,0,0,0,0,0,0
41579473,,,,,2048,1,2,13,0,0,1,0,0,0
41579460,,,,,8192,1,0,13,0,0,0,0,0,0
41579400,,,,,8192,1,3,10,0,0,1,0,0,0
41579382,,,,,8192,1,6,15,0,0,0,0,0,0
41579359,,,,,4096,1,3,13,0,0,0,0,0,0
41579342,,,,,512,1,3,15,0,0,0,0,0,0
41579322,,,,,8192,1,2,15,0,0,1,0,0,0
41579306,,,,,8192,1,1,13,0,0,0,0,0,0
41579172,,,,,16384,1,2,15,0,0,0,0,0,0
41579135,,,,,8192,1,7,10,0,0,0,0,0,0
41579100,,,,,512,1,3,22,0,0,1,0,0,0
41579050,,,,,16384,1,3,10,0,0,0,0,0,0
41579036,,,,,16384,1,6,9,0,0,0,0,0,0
41579028,,,,,8192,1,2,20,0,0,1,0,0,0
41578944,,,,,8192,1,3,15,0,0,0,0,0,0
41578943,,,,,8192,1,4,11,0,0,0,0,0,0
41578939,,,,,512,1,11,27,0,0,0,0,0,0
41578913,,,,,8192,1,2,13,0,0,0,0,0,0
41578889,,,,,8192,1,3,11,0,0,0,0,0,0
41578818,,,,,8192,1,3,12,0,0,0,0,0,0
41578752,,,,,3072,1,4,4,0,0,0,0,0,0
41578747,,,,,8192,1,1,12,0,0,0,0,0,0
41578682,,,,,128,1,0,2,0,0,0,0,0,0
41578661,,,,,2048,1,2,12,0,0,0,0,0,0
41578650,,,,,512,1,5,10,0,0,0,0,0,0
41578535,,,,,8192,1,3,16,0,0,0,0,0,0
41578493,,,,,2048,1,29,21,0,0,0,0,0,0
41578447,,,,,8192,1,3,13,0,0,0,0,0,0
41578439,,,,,4096,1,18,16,0,0,1,0,0,0
41578361,,,,,2048,1,4,9,0,0,0,0,0,0
41578342,,,,,16384,1,2,22,0,0,0,0,0,0
41578318,,,,,8192,1,3,24,0,0,1,0,0,0
41578301,,,,,8192,1,1,11,0,0,0,0,0,0
41578298,,,,,8192,1,5,14,0,0,0,0,0,0
41578263,,,,,8192,1,4,16,0,0,0,0,0,0
41578240,,,,,4096,1,1,13,0,0,0,0,0,0
41578182,,,,,8192,1,16,15,0,0,0,0,0,0
41578158,,,,,4096,1,6,8,0,0,0,0,0,0
41578113,,,,,4096,1,7,13,0,0,0,0,0,0
41578092,,,,,2048,1,2,9,0,0,0,0,0,0
41578070,,,,,512,1,3,9,0,0,0,0,0,0
41578023,,,,,8192,1,15,31,1,0,0,0,0,0
41578019,,,,,16384,1,4,13,0,0,1,0,0,0
41577990,,,,,2048,1,9,12,0,0,0,0,0,0
41577987,,,,,8192,1,1,18,0,0,0,0,0,0
41577975,,,,,8192,1,1,12,0,0,0,0,0,0
41577959,,,,,8192,1,5,28,1,0,0,0,0,0
41577857,,,,,16384,1,7,12,0,0,0,0,0,0
41577856,,,,,512,1,2,20,0,0,1,0,2,0
41577845,,,,,2048,1,2,15,0,0,0,0,0,0
41577783,,,,,1024,1,2,11,0,0,0,0,0,0
41577712,,,,,8192,1,3,20,0,0,0,0,0,0
41577710,,,,,8192,1,0,12,1,0,0,0,0,0
41577709,,,,,512,1,4,8,0,0,0,0,0,0
41577694,,,,,8192,1,3,11,0,0,0,0,0,0
41577692,,,,,8192,1,3,14,0,0,0,0,0,0
41577683,,,,,8192,1,1,10,0,0,0,0,0,0
41577664,,,,,4096,1,27,22,0,0,0,0,1,0
41577633,,,,,8192,1,5,9,0,0,0,0,0,0
41577617,,,,,8192,1,3,27,0,0,0,0,0,0
41577544,,,,,4096,1,11,9,0,0,0,0,0,0
41577521,,,,,2048,1,6,4,0,0,0,0,0,0
41577467,,,,,8192,1,6,14,0,0,0,0,0,0
41577466,,,,,8192,1,4,12,0,0,0,0,0,0
41577462,,,,,8192,1,3,10,0,0,1,0,0,0
41577455,,,,,2048,1,2,9,0,0,0,0,0,0
41577454,,,,,2048,1,12,15,0,0,0,0,0,0
41577450,,,,,1024,1,1,11,0,0,0,0,0,0
41577448,,,,,8192,1,2,10,0,0,0,0,0,0
41577418,,,,,2048,1,2,16,0,0,0,0,0,0
41577402,,,,,2048,1,2,6,0,0,0,0,0,0
41577400,,,,,4096,1,1,11,0,0,0,0,0,0
41577370,,,,,4096,1,3,20,0,0,0,0,0,0
41577342,,,,,512,1,3,20,0,0,0,0,0,0
41577338,,,,,4096,1,3,18,0,0,0,0,0,0
41577254,,,,,16384,1,4,24,0,0,0,0,0,0
41577205,,,,,16384,1,1,10,0,0,0,0,0,0
41577175,,,,,4096,1,7,14,0,0,0,0,0,0
41577166,,,,,8192,1,1,13,0,0,1,0,0,0
41577158,,,,,2048,1,0,12,0,0,0,0,0,0
41577157,,,,,8192,1,11,11,0,0,0,0,0,0
41577098,,,,,8192,1,3,25,0,0,0,0,0,0
41577070,,,,,512,1,3,15,0,0,0,0,0,0
41577034,,,,,8192,1,2,14,0,0,1,0,0,0
41576984,,,,,512,1,5,17,0,0,0,0,0,0
41576979,,,,,8192,1,7,11,0,0,0,0,0,0
41576851,,,,,8192,1,8,9,0,0,0,0,0,0
41576785,,,,,8192,1,5,13,0,0,1,0,1,0
41576760,,,,,2048,1,1,11,0,0,0,0,0,0
41576734,,,,,2048,1,4,6,0,0,0,0,0,0
41576655,,,,,4096,1,5,23,0,0,0,0,0,0
41576646,,,,,1024,1,2,19,0,0,0,0,0,0
41576586,,,,,2048,1,17,11,0,0,0,0,0,0
41576538,,,,,8192,1,2,18,0,0,0,0,0,0
41576531,,,,,512,1,4,13,0,0,0,0,0,0
41576501,,,,,16384,1,4,20,0,0,0,0,0,0
41576458,,,,,8192,1,6,10,0,0,1,1,0,0
41576427,,,,,8192,1,1,7,0,0,0,0,0,0
41576406,,,,,2048,1,6,14,0,0,0,0,0,0
41576389,,,,,8192,1,5,11,0,0,0,0,0,0
41576345,,,,,16384,1,0,11,0,0,0,0,0,0
41576341,,,,,16384,1,18,10,0,0,0,0,0,0
41576311,,,,,2048,1,4,17,0,0,0,0,0,0
41576256,,,,,3072,1,2,8,0,0,0,0,0,0
41576225,,,,,2048,1,2,13,0,0,0,0,0,0
41576116,,,,,4096,1,2,7,0,0,0,0,0,0
41576057,,,,,1024,1,9,10,0,0,0,0,0,0
41575987,,,,,4096,1,9,18,0,0,0,0,0,0
41575985,,,,,16384,1,2,10,0,0,0,0,0,0
41575971,,,,,8192,1,10,15,0,0,0,0,0,1
41575905,,,,,16384,1,8,13,0,0,0,0,0,0
41575829,,,,,1024,1,0,2,0,0,0,0,0,0
41575800,,,,,4096,1,3,14,0,0,0,0,0,0
41575748,,,,,1024,1,4,8,0,0,0,0,0,0
41575682,,,,,2048,1,1,26,0,0,0,0,0,0
41575678,,,,,4096,1,4,11,0,0,0,0,0,0
41575650,,,,,8192,1,3,9,0,0,0,0,0,0
41575642,,,,,4096,1,15,21,0,0,0,0,0,0
41575611,,,,,4096,1,13,12,0,0,0,0,0,0
41575566,,,,,2048,1,10,19,0,0,0,0,0,0
41575496,,,,,512,1,2,12,0,0,1,1,0,0
41575488,,,,,2048,1,5,15,0,0,0,0,0,0
41572485,,,,,4096,1,2,19,0,0,0,0,0,0
41572475,,,,,8192,1,2,16,0,0,0,0,0,0
41572402,,,,,2048,1,0,11,0,0,0,0,0,0
41572390,,,,,8192,1,4,13,0,0,0,0,0,0
41572306,,,,,4096,1,23,20,0,0,0,0,0,0
41572242,,,,,8192,1,20,9,0,0,0,0,0,0
41572220,,,,,1024,1,3,19,0,0,0,0,0,0
41572213,,,,,8192,1,2,10,0,0,0,0,0,0
41572181,,,,,4096,1,5,12,0,0,0,0,0,0
